"QB","RB","RB","WR","WR","WR","TE","FLEX","DEF","","Instructions"
"","","","","","","","","","","1) Create a lineup by inserting any player from this list into their appropriate position columns"
"","","","","","","","","","","2) You can paste either the Player ID + Name OR ID from their respective columns"
"","","","","","","","","","","3) Any information to the right of the last position column will be ignored in the upload"
"","","","","","","","","","","4) Maximum of 250 lineups per upload"
"","","","","","","","","",""
"","","","","","","","","","","Player ID + Player Name","Id","Position","First Name","Nickname","Last Name","FPPG","Played","Salary","Game","Team","Opponent","Injury Indicator","Injury Details","Tier","",""
"","","","","","","","","","","38746-57439:Patrick Mahomes","38746-57439","QB","Patrick","Patrick Mahomes","Mahomes","28.933334350585938","3","9200","KC@DET","KC","DET","","","","",""
"","","","","","","","","","","38746-64401:Saquon Barkley","38746-64401","RB","Saquon","Saquon Barkley","Barkley","14.199999491373697","3","9200","WAS@NYG","NYG","WAS","O","Ankle","","",""
"","","","","","","","","","","38746-55050:Christian McCaffrey","38746-55050","RB","Christian","Christian McCaffrey","McCaffrey","23.5","3","9000","CAR@HOU","CAR","HOU","","","","",""
"","","","","","","","","","","38746-16606:DeAndre Hopkins","38746-16606","WR","DeAndre","DeAndre Hopkins","Hopkins","14.433333079020182","3","8700","CAR@HOU","HOU","CAR","","","","",""
"","","","","","","","","","","38746-14190:Julio Jones","38746-14190","WR","Julio","Julio Jones","Jones","20","3","8500","TEN@ATL","ATL","TEN","","","","",""
"","","","","","","","","","","38746-63115:Lamar Jackson","38746-63115","QB","Lamar","Lamar Jackson","Jackson","28.573333740234375","3","8300","CLE@BAL","BAL","CLE","","","","",""
"","","","","","","","","","","38746-54140:Dalvin Cook","38746-54140","RB","Dalvin","Dalvin Cook","Cook","24.633333841959637","3","8300","MIN@CHI","MIN","CHI","","","","",""
"","","","","","","","","","","38746-54879:Deshaun Watson","38746-54879","QB","Deshaun","Deshaun Watson","Watson","23.47333272298177","3","8200","CAR@HOU","HOU","CAR","","","","",""
"","","","","","","","","","","38746-80001:Austin Ekeler","38746-80001","RB","Austin","Austin Ekeler","Ekeler","22.76666768391927","3","8100","LAC@MIA","LAC","MIA","","","","",""
"","","","","","","","","","","38746-29253:Keenan Allen","38746-29253","WR","Keenan","Keenan Allen","Allen","24.399998982747395","3","8100","LAC@MIA","LAC","MIA","","","","",""
"","","","","","","","","","","38746-6616:Matt Ryan","38746-6616","QB","Matt","Matt Ryan","Ryan","22.040000915527344","3","7900","TEN@ATL","ATL","TEN","","","","",""
"","","","","","","","","","","38746-31360:Odell Beckham Jr.","38746-31360","WR","Odell","Odell Beckham Jr.","Beckham Jr.","14.766666412353516","3","7900","CLE@BAL","CLE","BAL","","","","",""
"","","","","","","","","","","38746-6498:Tom Brady","38746-6498","QB","Tom","Tom Brady","Brady","23.480000813802082","3","7800","NE@BUF","NE","BUF","","","","",""
"","","","","","","","","","","38746-22015:Russell Wilson","38746-22015","QB","Russell","Russell Wilson","Wilson","27.37999979654948","3","7800","SEA@ARI","SEA","ARI","","","","",""
"","","","","","","","","","","38746-7968:Philip Rivers","38746-7968","QB","Philip","Philip Rivers","Rivers","18.81999969482422","3","7800","LAC@MIA","LAC","MIA","","","","",""
"","","","","","","","","","","38746-14211:Mark Ingram II","38746-14211","RB","Mark","Mark Ingram II","Ingram II","21.633333841959637","3","7800","CLE@BAL","BAL","CLE","","","","",""
"","","","","","","","","","","38746-38435:Jared Goff","38746-38435","QB","Jared","Jared Goff","Goff","15.240000406901041","3","7700","TB@LAR","LAR","TB","","","","",""
"","","","","","","","","","","38746-32384:Mike Evans","38746-32384","WR","Mike","Mike Evans","Evans","17.633333841959637","3","7700","TB@LAR","TB","LAR","","","","",""
"","","","","","","","","","","38746-14185:Cam Newton","38746-14185","QB","Cam","Cam Newton","Newton","8.84000015258789","2","7700","CAR@HOU","CAR","HOU","O","Foot","","",""
"","","","","","","","","","","38746-33076:Travis Kelce","38746-33076","TE","Travis","Travis Kelce","Kelce","14.300000508626303","3","7600","KC@DET","KC","DET","","","","",""
"","","","","","","","","","","38746-53681:Tyreek Hill","38746-53681","WR","Tyreek","Tyreek Hill","Hill","3.0999999046325684","1","7600","KC@DET","KC","DET","O","Shoulder","","",""
"","","","","","","","","","","38746-63484:Kyler Murray","38746-63484","QB","Kyler","Kyler Murray","Murray","19.599999745686848","3","7600","SEA@ARI","ARI","SEA","","","","",""
"","","","","","","","","","","38746-24849:Jameis Winston","38746-24849","QB","Jameis","Jameis Winston","Winston","16.593332926432293","3","7500","TB@LAR","TB","LAR","","","","",""
"","","","","","","","","","","38746-41535:Baker Mayfield","38746-41535","QB","Baker","Baker Mayfield","Mayfield","13.033332824707031","3","7500","CLE@BAL","CLE","BAL","","","","",""
"","","","","","","","","","","38746-22031:T.Y. Hilton","38746-22031","WR","T.Y.","T.Y. Hilton","Hilton","17.833333333333332","3","7400","OAK@IND","IND","OAK","Q","Quadriceps","","",""
"","","","","","","","","","","38746-62239:Josh Allen","38746-62239","QB","Josh","Josh Allen","Allen","19.833333333333332","3","7400","NE@BUF","BUF","NE","","","","",""
"","","","","","","","","","","38746-63519:Daniel Jones","38746-63519","QB","Daniel","Daniel Jones","Jones","16.709999084472656","2","7300","WAS@NYG","NYG","WAS","","","","",""
"","","","","","","","","","","38746-53562:Nick Chubb","38746-53562","RB","Nick","Nick Chubb","Chubb","14.300000508626303","3","7300","CLE@BAL","CLE","BAL","","","","",""
"","","","","","","","","","","38746-30231:Jacoby Brissett","38746-30231","QB","Jacoby","Jacoby Brissett","Brissett","18.213333129882812","3","7300","OAK@IND","IND","OAK","","","","",""
"","","","","","","","","","","38746-57909:Marlon Mack","38746-57909","RB","Marlon","Marlon Mack","Mack","16.166666666666668","3","7300","OAK@IND","IND","OAK","","","","",""
"","","","","","","","","","","38746-29501:Brandin Cooks","38746-29501","WR","Brandin","Brandin Cooks","Cooks","12","3","7300","TB@LAR","LAR","TB","","","","",""
"","","","","","","","","","","38746-22994:Case Keenum","38746-22994","QB","Case","Case Keenum","Keenum","19.50666681925456","3","7200","WAS@NYG","WAS","NYG","","","","",""
"","","","","","","","","","","38746-55635:Chris Godwin","38746-55635","WR","Chris","Chris Godwin","Godwin","13.466667175292969","3","7100","TB@LAR","TB","LAR","","","","",""
"","","","","","","","","","","38746-29685:Robert Woods","38746-29685","WR","Robert","Robert Woods","Woods","8.366666793823242","3","7100","TB@LAR","LAR","TB","","","","",""
"","","","","","","","","","","38746-79970:Cooper Kupp","38746-79970","WR","Cooper","Cooper Kupp","Kupp","16.96666717529297","3","7000","TB@LAR","LAR","TB","","","","",""
"","","","","","","","","","","38746-39280:Derrick Henry","38746-39280","RB","Derrick","Derrick Henry","Henry","18.633333841959637","3","7000","TEN@ATL","TEN","ATL","","","","",""
"","","","","","","","","","","38746-64119:Chris Carson","38746-64119","RB","Chris","Chris Carson","Carson","10.933333079020182","3","7000","SEA@ARI","SEA","ARI","","","","",""
"","","","","","","","","","","38746-39716:Adam Thielen","38746-39716","WR","Adam","Adam Thielen","Thielen","13.633333841959635","3","7000","MIN@CHI","MIN","CHI","","","","",""
"","","","","","","","","","","38746-28643:Allen Robinson II","38746-28643","WR","Allen","Allen Robinson II","Robinson II","9.59999974568685","3","7000","MIN@CHI","CHI","MIN","","","","",""
"","","","","","","","","","","38746-24641:Sammy Watkins","38746-24641","WR","Sammy","Sammy Watkins","Watkins","19.6999994913737","3","6900","KC@DET","KC","DET","","","","",""
"","","","","","","","","","","38746-41426:Phillip Lindsay","38746-41426","RB","Phillip","Phillip Lindsay","Lindsay","14.733333587646484","3","6900","JAC@DEN","DEN","JAC","","","","",""
"","","","","","","","","","","38746-6654:Matthew Stafford","38746-6654","QB","Matthew","Matthew Stafford","Stafford","18.946666717529297","3","6900","KC@DET","DET","KC","","","","",""
"","","","","","","","","","","38746-22038:Kirk Cousins","38746-22038","QB","Kirk","Kirk Cousins","Cousins","12.593332926432291","3","6900","MIN@CHI","MIN","CHI","","","","",""
"","","","","","","","","","","38746-29358:Marcus Mariota","38746-29358","QB","Marcus","Marcus Mariota","Mariota","17.746667226155598","3","6900","TEN@ATL","TEN","ATL","","","","",""
"","","","","","","","","","","38746-7859:Julian Edelman","38746-7859","WR","Julian","Julian Edelman","Edelman","12.093332926432291","3","6900","NE@BUF","NE","BUF","Q","Ribs","","",""
"","","","","","","","","","","38746-62497:David Johnson","38746-62497","RB","David","David Johnson","Johnson","15.366666158040365","3","6800","SEA@ARI","ARI","SEA","","","","",""
"","","","","","","","","","","38746-38628:Mitchell Trubisky","38746-38628","QB","Mitchell","Mitchell Trubisky","Trubisky","11.7533327738444","3","6800","MIN@CHI","CHI","MIN","","","","",""
"","","","","","","","","","","38746-30447:Todd Gurley II","38746-30447","RB","Todd","Todd Gurley II","Gurley II","9.700000127156576","3","6800","TB@LAR","LAR","TB","","","","",""
"","","","","","","","","","","38746-45859:Derek Carr","38746-45859","QB","Derek","Derek Carr","Carr","14.319999694824219","3","6800","OAK@IND","OAK","IND","","","","",""
"","","","","","","","","","","38746-53095:Kyle Allen","38746-53095","QB","Kyle","Kyle Allen","Allen","24.34000015258789","1","6800","CAR@HOU","CAR","HOU","","","","",""
"","","","","","","","","","","38746-41872:Evan Engram","38746-41872","TE","Evan","Evan Engram","Engram","17.066666920979817","3","6800","WAS@NYG","NYG","WAS","","","","",""
"","","","","","","","","","","38746-61798:Gardner Minshew II","38746-61798","QB","Gardner","Gardner Minshew II","Minshew II","17.56000010172526","3","6700","JAC@DEN","JAC","DEN","","","","",""
"","","","","","","","","","","38746-38264:Demarcus Robinson","38746-38264","WR","Demarcus","Demarcus Robinson","Robinson","14.833333333333334","3","6700","KC@DET","KC","DET","","","","",""
"","","","","","","","","","","38746-25011:Darren Waller","38746-25011","TE","Darren","Darren Waller","Waller","13.466667175292969","3","6700","OAK@IND","OAK","IND","","","","",""
"","","","","","","","","","","38746-54244:Kenny Golladay","38746-54244","WR","Kenny","Kenny Golladay","Golladay","12.199999491373697","3","6700","KC@DET","DET","KC","","","","",""
"","","","","","","","","","","38746-27050:Tyler Lockett","38746-27050","WR","Tyler","Tyler Lockett","Lockett","16.900000254313152","3","6600","SEA@ARI","SEA","ARI","","","","",""
"","","","","","","","","","","38746-63806:Kerryon Johnson","38746-63806","RB","Kerryon","Kerryon Johnson","Johnson","11.266666412353516","3","6500","KC@DET","DET","KC","","","","",""
"","","","","","","","","","","38746-71352:Mecole Hardman","38746-71352","WR","Mecole","Mecole Hardman","Hardman","10.5","3","6500","KC@DET","KC","DET","","","","",""
"","","","","","","","","","","38746-27477:Sterling Shepard","38746-27477","WR","Sterling","Sterling Shepard","Shepard","15.399999618530273","2","6500","WAS@NYG","NYG","WAS","","","","",""
"","","","","","","","","","","38746-40126:Austin Hooper","38746-40126","TE","Austin","Austin Hooper","Hooper","13.066666920979818","3","6400","TEN@ATL","ATL","TEN","","","","",""
"","","","","","","","","","","38746-6714:Joe Flacco","38746-6714","QB","Joe","Joe Flacco","Flacco","12.506666819254557","3","6400","JAC@DEN","DEN","JAC","","","","",""
"","","","","","","","","","","38746-63043:DJ Moore","38746-63043","WR","DJ","DJ Moore","Moore","11.800000508626303","3","6400","CAR@HOU","CAR","HOU","","","","",""
"","","","","","","","","","","38746-52922:Leonard Fournette","38746-52922","RB","Leonard","Leonard Fournette","Fournette","10.766666412353516","3","6400","JAC@DEN","JAC","DEN","","","","",""
"","","","","","","","","","","38746-27441:Damien Williams","38746-27441","RB","Damien","Damien Williams","Williams","11.300000190734863","2","6400","KC@DET","KC","DET","Q","Knee","","",""
"","","","","","","","","","","38746-6779:LeSean McCoy","38746-6779","RB","LeSean","LeSean McCoy","McCoy","11.699999491373697","3","6300","KC@DET","KC","DET","Q","Ankle","","",""
"","","","","","","","","","","38746-56250:Terry McLaurin","38746-56250","WR","Terry","Terry McLaurin","McLaurin","17.233333587646484","3","6300","WAS@NYG","WAS","NYG","","","","",""
"","","","","","","","","","","38746-28930:James White","38746-28930","RB","James","James White","White","10.550000190734863","2","6200","NE@BUF","NE","BUF","","","","",""
"","","","","","","","","","","38746-24920:Devonta Freeman","38746-24920","RB","Devonta","Devonta Freeman","Freeman","7.166666666666667","3","6200","TEN@ATL","ATL","TEN","","","","",""
"","","","","","","","","","","38746-23194:Josh Gordon","38746-23194","WR","Josh","Josh Gordon","Gordon","9.700000127156576","3","6200","NE@BUF","NE","BUF","","","","",""
"","","","","","","","","","","38746-31394:Jarvis Landry","38746-31394","WR","Jarvis","Jarvis Landry","Landry","7.366666793823242","3","6200","CLE@BAL","CLE","BAL","","","","",""
"","","","","","","","","","","38746-55165:Justin Jackson","38746-55165","RB","Justin","Justin Jackson","Jackson","6.166666666666667","3","6200","LAC@MIA","LAC","MIA","","","","",""
"","","","","","","","","","","38746-40845:Hunter Henry","38746-40845","TE","Hunter","Hunter Henry","Henry","8","1","6200","LAC@MIA","LAC","MIA","O","Knee","","",""
"","","","","","","","","","","38746-62364:Josh Rosen","38746-62364","QB","Josh","Josh Rosen","Rosen","3.793333371480306","3","6200","LAC@MIA","MIA","LAC","Q","Head","","",""
"","","","","","","","","","","38746-52436:Mark Andrews","38746-52436","TE","Mark","Mark Andrews","Andrews","15","3","6100","CLE@BAL","BAL","CLE","","","","",""
"","","","","","","","","","","38746-73048:DK Metcalf","38746-73048","WR","DK","DK Metcalf","Metcalf","10.733333587646484","3","6100","SEA@ARI","SEA","ARI","","","","",""
"","","","","","","","","","","38746-53640:Sony Michel","38746-53640","RB","Sony","Sony Michel","Michel","6.933333079020183","3","6100","NE@BUF","NE","BUF","","","","",""
"","","","","","","","","","","38746-25079:Stefon Diggs","38746-25079","WR","Stefon","Stefon Diggs","Diggs","5.700000127156575","3","6100","MIN@CHI","MIN","CHI","","","","",""
"","","","","","","","","","","38746-39829:Mike Williams","38746-39829","WR","Mike","Mike Williams","Williams","6.566666920979817","3","6100","LAC@MIA","LAC","MIA","","","","",""
"","","","","","","","","","","38746-72731:Josh Jacobs","38746-72731","RB","Josh","Josh Jacobs","Jacobs","12.699999491373697","3","6000","OAK@IND","OAK","IND","","","","",""
"","","","","","","","","","","38746-24607:Chad Kelly","38746-24607","QB","Chad","Chad Kelly","Kelly","-0.10000000149011612","1","6000","OAK@IND","IND","OAK","","","","",""
"","","","","","","","","","","38746-14377:Tyrod Taylor","38746-14377","QB","Tyrod","Tyrod Taylor","Taylor","0","1","6000","LAC@MIA","LAC","MIA","","","","",""
"","","","","","","","","","","38746-30788:Tyler Bray","38746-30788","QB","Tyler","Tyler Bray","Bray","0","0","6000","MIN@CHI","CHI","MIN","","","","",""
"","","","","","","","","","","38746-52342:Will Grier","38746-52342","QB","Will","Will Grier","Grier","0","0","6000","CAR@HOU","CAR","HOU","","","","",""
"","","","","","","","","","","38746-63611:Kyle Shurmur","38746-63611","QB","Kyle","Kyle Shurmur","Shurmur","0","0","6000","KC@DET","KC","DET","","","","",""
"","","","","","","","","","","38746-57537:DeShone Kizer","38746-57537","QB","DeShone","DeShone Kizer","Kizer","2.4600000381469727","3","6000","OAK@IND","OAK","IND","","","","",""
"","","","","","","","","","","38746-45259:Logan Woodside","38746-45259","QB","Logan","Logan Woodside","Woodside","0","0","6000","TEN@ATL","TEN","ATL","","","","",""
"","","","","","","","","","","38746-29915:Brett Hundley","38746-29915","QB","Brett","Brett Hundley","Hundley","0","0","6000","SEA@ARI","ARI","SEA","","","","",""
"","","","","","","","","","","38746-54507:Alex McGough","38746-54507","QB","Alex","Alex McGough","McGough","0","0","6000","CAR@HOU","HOU","CAR","","","","",""
"","","","","","","","","","","38746-11500:Colt McCoy","38746-11500","QB","Colt","Colt McCoy","McCoy","10.06000010172526","3","6000","WAS@NYG","WAS","NYG","O","Lower leg","","",""
"","","","","","","","","","","38746-31047:AJ McCarron","38746-31047","QB","AJ","AJ McCarron","McCarron","0.05999999865889549","2","6000","CAR@HOU","HOU","CAR","","","","",""
"","","","","","","","","","","38746-27982:Jake Rudock","38746-27982","QB","Jake","Jake Rudock","Rudock","0","0","6000","LAC@MIA","MIA","LAC","","","","",""
"","","","","","","","","","","38746-53604:Nick Fitzgerald","38746-53604","QB","Nick","Nick Fitzgerald","Fitzgerald","0","0","6000","TB@LAR","TB","LAR","","","","",""
"","","","","","","","","","","38746-52606:David Blough","38746-52606","QB","David","David Blough","Blough","0","0","6000","KC@DET","DET","KC","","","","",""
"","","","","","","","","","","38746-103824:Easton Stick","38746-103824","QB","Easton","Easton Stick","Stick","0","0","6000","LAC@MIA","LAC","MIA","","","","",""
"","","","","","","","","","","38746-32158:Garrett Gilbert","38746-32158","QB","Garrett","Garrett Gilbert","Gilbert","1.600000023841858","1","6000","CLE@BAL","CLE","BAL","","","","",""
"","","","","","","","","","","38746-60840:Jake Browning","38746-60840","QB","Jake","Jake Browning","Browning","0","0","6000","MIN@CHI","MIN","CHI","","","","",""
"","","","","","","","","","","38746-21941:Robert Griffin III","38746-21941","QB","Robert","Robert Griffin III","Griffin III","7.099999904632568","1","6000","CLE@BAL","BAL","CLE","","","","",""
"","","","","","","","","","","38746-21948:Ryan Tannehill","38746-21948","QB","Ryan","Ryan Tannehill","Tannehill","-0.20000000298023224","1","6000","TEN@ATL","TEN","ATL","","","","",""
"","","","","","","","","","","38746-31170:Brandon Allen","38746-31170","QB","Brandon","Brandon Allen","Allen","0","0","6000","JAC@DEN","DEN","JAC","","","","",""
"","","","","","","","","","","38746-40407:Josh Dobbs","38746-40407","QB","Josh","Josh Dobbs","Dobbs","0.36400001049041747","5","6000","JAC@DEN","JAC","DEN","","","","",""
"","","","","","","","","","","38746-73183:Dwayne Haskins Jr.","38746-73183","QB","Dwayne","Dwayne Haskins Jr.","Haskins Jr.","0","0","6000","WAS@NYG","WAS","NYG","","","","",""
"","","","","","","","","","","38746-7659:Ryan Fitzpatrick","38746-7659","QB","Ryan","Ryan Fitzpatrick","Fitzpatrick","4.506666819254558","3","6000","LAC@MIA","MIA","LAC","","","","",""
"","","","","","","","","","","38746-34308:Blake Bortles","38746-34308","QB","Blake","Blake Bortles","Bortles","14.170769324669472","13","6000","TB@LAR","LAR","TB","","","","",""
"","","","","","","","","","","38746-22027:Nick Foles","38746-22027","QB","Nick","Nick Foles","Foles","7","1","6000","JAC@DEN","JAC","DEN","IR","Collarbone","","",""
"","","","","","","","","","","38746-60947:Jarrett Stidham","38746-60947","QB","Jarrett","Jarrett Stidham","Stidham","-0.4399999976158142","1","6000","NE@BUF","NE","BUF","","","","",""
"","","","","","","","","","","38746-6679:Matt Schaub","38746-6679","QB","Matt","Matt Schaub","Schaub","0.30000001192092896","2","6000","TEN@ATL","ATL","TEN","","","","",""
"","","","","","","","","","","38746-23075:Alex Tanney","38746-23075","QB","Alex","Alex Tanney","Tanney","0","0","6000","WAS@NYG","NYG","WAS","","","","",""
"","","","","","","","","","","38746-64051:Drew Lock","38746-64051","QB","Drew","Drew Lock","Lock","0","0","6000","JAC@DEN","DEN","JAC","IR","Thumb","","",""
"","","","","","","","","","","38746-73273:David Montgomery","38746-73273","RB","David","David Montgomery","Montgomery","9.299999872843424","3","6000","MIN@CHI","CHI","MIN","","","","",""
"","","","","","","","","","","38746-7744:Drew Stanton","38746-7744","QB","Drew","Drew Stanton","Stanton","0","0","6000","CLE@BAL","CLE","BAL","IR","Knee","","",""
"","","","","","","","","","","38746-8803:Chase Daniel","38746-8803","QB","Chase","Chase Daniel","Daniel","8.050000190734863","4","6000","MIN@CHI","CHI","MIN","","","","",""
"","","","","","","","","","","38746-6808:Matt Moore","38746-6808","QB","Matt","Matt Moore","Moore","-0.10000000149011612","1","6000","KC@DET","KC","DET","","","","",""
"","","","","","","","","","","38746-6826:Eli Manning","38746-6826","QB","Eli","Eli Manning","Manning","13.520000457763672","2","6000","WAS@NYG","NYG","WAS","","","","",""
"","","","","","","","","","","38746-52917:DJ Chark Jr.","38746-52917","WR","DJ","DJ Chark Jr.","Chark Jr.","17.733333587646484","3","6000","JAC@DEN","JAC","DEN","","","","",""
"","","","","","","","","","","38746-62133:Chase Litton","38746-62133","QB","Chase","Chase Litton","Litton","0","0","6000","JAC@DEN","JAC","DEN","","","","",""
"","","","","","","","","","","38746-7872:Brian Hoyer","38746-7872","QB","Brian","Brian Hoyer","Hoyer","-0.10399999618530273","5","6000","OAK@IND","IND","OAK","","","","",""
"","","","","","","","","","","38746-61157:Brett Rypien","38746-61157","QB","Brett","Brett Rypien","Rypien","0","0","6000","JAC@DEN","DEN","JAC","","","","",""
"","","","","","","","","","","38746-6914:Greg Olsen","38746-6914","TE","Greg","Greg Olsen","Olsen","14.033332824707031","3","6000","CAR@HOU","CAR","HOU","","","","",""
"","","","","","","","","","","38746-29445:Sean Mannion","38746-29445","QB","Sean","Sean Mannion","Mannion","-0.20000000298023224","1","6000","MIN@CHI","MIN","CHI","","","","",""
"","","","","","","","","","","38746-25410:Mike Glennon","38746-25410","QB","Mike","Mike Glennon","Glennon","5.480000019073486","2","6000","OAK@IND","OAK","IND","","","","",""
"","","","","","","","","","","38746-8023:Josh Johnson","38746-8023","QB","Josh","Josh Johnson","Johnson","13.399999618530273","4","6000","KC@DET","DET","KC","","","","",""
"","","","","","","","","","","38746-41827:Phillip Walker","38746-41827","QB","Phillip","Phillip Walker","Walker","0","0","6000","OAK@IND","IND","OAK","","","","",""
"","","","","","","","","","","38746-14194:Blaine Gabbert","38746-14194","QB","Blaine","Blaine Gabbert","Gabbert","4.630000114440918","8","6000","TB@LAR","TB","LAR","IR","Shoulder","","",""
"","","","","","","","","","","38746-26483:Geno Smith","38746-26483","QB","Geno","Geno Smith","Smith","-0.3700000047683716","4","6000","SEA@ARI","SEA","ARI","","","","",""
"","","","","","","","","","","38746-39795:Davis Webb","38746-39795","QB","Davis","Davis Webb","Webb","0","0","6000","NE@BUF","BUF","NE","","","","",""
"","","","","","","","","","","38746-56192:John Wolford","38746-56192","QB","John","John Wolford","Wolford","0","0","6000","TB@LAR","LAR","TB","","","","",""
"","","","","","","","","","","38746-29605:Matt Barkley","38746-29605","QB","Matt","Matt Barkley","Barkley","17.079999923706055","1","6000","NE@BUF","BUF","NE","","","","",""
"","","","","","","","","","","38746-33702:Ryan Griffin","38746-33702","QB","Ryan","Ryan Griffin","Griffin","0","0","6000","TB@LAR","TB","LAR","","","","",""
"","","","","","","","","","","38746-38837:Danny Etling","38746-38837","QB","Danny","Danny Etling","Etling","0","0","6000","TEN@ATL","ATL","TEN","","","","",""
"","","","","","","","","","","38746-56286:Trace McSorley","38746-56286","QB","Trace","Trace McSorley","McSorley","0","0","6000","CLE@BAL","BAL","CLE","","","","",""
"","","","","","","","","","","38746-42028:Will Fuller V","38746-42028","WR","Will","Will Fuller V","Fuller V","7.166666666666667","3","5900","CAR@HOU","HOU","CAR","","","","",""
"","","","","","","","","","","38746-62535:Tyrell Williams","38746-62535","WR","Tyrell","Tyrell Williams","Williams","14.333333333333334","3","5900","OAK@IND","OAK","IND","","","","",""
"","","","","","","","","","","38746-25813:Phillip Dorsett II","38746-25813","WR","Phillip","Phillip Dorsett II","Dorsett II","14.800000508626303","3","5900","NE@BUF","NE","BUF","","","","",""
"","","","","","","","","","","38746-39286:O.J. Howard","38746-39286","TE","O.J.","O.J. Howard","Howard","5.650000095367432","2","5900","TB@LAR","TB","LAR","","","","",""
"","","","","","","","","","","38746-60858:Christian Kirk","38746-60858","WR","Christian","Christian Kirk","Kirk","11.233333587646484","3","5900","SEA@ARI","ARI","SEA","","","","",""
"","","","","","","","","","","38746-57840:Rashaad Penny","38746-57840","RB","Rashaad","Rashaad Penny","Penny","7.400000095367432","2","5900","SEA@ARI","SEA","ARI","Q","Hamstring","","",""
"","","","","","","","","","","38746-22103:Marvin Jones Jr.","38746-22103","WR","Marvin","Marvin Jones Jr.","Jones Jr.","11.300000508626303","3","5900","KC@DET","DET","KC","","","","",""
"","","","","","","","","","","38746-6883:Larry Fitzgerald","38746-6883","WR","Larry","Larry Fitzgerald","Fitzgerald","15.433333079020182","3","5900","SEA@ARI","ARI","SEA","","","","",""
"","","","","","","","","","","38746-28473:Carlos Hyde","38746-28473","RB","Carlos","Carlos Hyde","Hyde","8.633333206176758","3","5900","CAR@HOU","HOU","CAR","","","","",""
"","","","","","","","","","","38746-64555:Calvin Ridley","38746-64555","WR","Calvin","Calvin Ridley","Ridley","12","3","5800","TEN@ATL","ATL","TEN","","","","",""
"","","","","","","","","","","38746-79974:Tarik Cohen","38746-79974","RB","Tarik","Tarik Cohen","Cohen","5.266666730244954","3","5800","MIN@CHI","CHI","MIN","","","","",""
"","","","","","","","","","","38746-52613:Curtis Samuel","38746-52613","WR","Curtis","Curtis Samuel","Samuel","10.09999974568685","3","5800","CAR@HOU","CAR","HOU","","","","",""
"","","","","","","","","","","38746-39818:Wayne Gallman Jr.","38746-39818","RB","Wayne","Wayne Gallman Jr.","Gallman Jr.","4.299999872843425","3","5800","WAS@NYG","NYG","WAS","","","","",""
"","","","","","","","","","","38746-57403:Courtland Sutton","38746-57403","WR","Courtland","Courtland Sutton","Sutton","10.90000025431315","3","5700","JAC@DEN","DEN","JAC","","","","",""
"","","","","","","","","","","38746-22018:Mohamed Sanu","38746-22018","WR","Mohamed","Mohamed Sanu","Sanu","7.5","3","5700","TEN@ATL","ATL","TEN","","","","",""
"","","","","","","","","","","38746-86687:Marquise Brown","38746-86687","WR","Marquise","Marquise Brown","Brown","15.733333587646484","3","5700","CLE@BAL","BAL","CLE","","","","",""
"","","","","","","","","","","38746-6840:Frank Gore","38746-6840","RB","Frank","Frank Gore","Gore","11.066666920979818","3","5700","NE@BUF","BUF","NE","","","","",""
"","","","","","","","","","","38746-6863:Delanie Walker","38746-6863","TE","Delanie","Delanie Walker","Walker","11.933333079020182","3","5700","TEN@ATL","TEN","ATL","","","","",""
"","","","","","","","","","","38746-40857:Peyton Barber","38746-40857","RB","Peyton","Peyton Barber","Barber","9.133333206176758","3","5700","TB@LAR","TB","LAR","","","","",""
"","","","","","","","","","","38746-60735:Derrius Guice","38746-60735","RB","Derrius","Derrius Guice","Guice","5.300000190734863","1","5600","WAS@NYG","WAS","NYG","IR","Knee - meniscus","","",""
"","","","","","","","","","","38746-54606:John Brown","38746-54606","WR","John","John Brown","Brown","13.333333333333334","3","5600","NE@BUF","BUF","NE","","","","",""
"","","","","","","","","","","38746-27338:Rex Burkhead","38746-27338","RB","Rex","Rex Burkhead","Burkhead","11.566666920979818","3","5600","NE@BUF","NE","BUF","","","","",""
"","","","","","","","","","","38746-56262:Parris Campbell","38746-56262","WR","Parris","Parris Campbell","Campbell","4.299999872843425","3","5600","OAK@IND","IND","OAK","","","","",""
"","","","","","","","","","","38746-11505:Emmanuel Sanders","38746-11505","WR","Emmanuel","Emmanuel Sanders","Sanders","14.133333841959635","3","5500","JAC@DEN","DEN","JAC","","","","",""
"","","","","","","","","","","38746-32234:Malcolm Brown","38746-32234","RB","Malcolm","Malcolm Brown","Brown","7.733333587646484","3","5500","TB@LAR","LAR","TB","","","","",""
"","","","","","","","","","","38746-6703:Adrian Peterson","38746-6703","RB","Adrian","Adrian Peterson","Peterson","7.050000190734863","2","5500","WAS@NYG","WAS","NYG","","","","",""
"","","","","","","","","","","38746-52897:Darrel Williams","38746-52897","RB","Darrel","Darrel Williams","Williams","13.399999618530273","1","5500","KC@DET","KC","DET","","","","",""
"","","","","","","","","","","38746-55970:Royce Freeman","38746-55970","RB","Royce","Royce Freeman","Freeman","9.533333460489908","3","5500","JAC@DEN","DEN","JAC","","","","",""
"","","","","","","","","","","38746-53390:Zach Pascal","38746-53390","WR","Zach","Zach Pascal","Pascal","12.300000190734863","1","5400","OAK@IND","IND","OAK","","","","",""
"","","","","","","","","","","38746-56708:Will Dissly","38746-56708","TE","Will","Will Dissly","Dissly","12.133333841959635","3","5400","SEA@ARI","SEA","ARI","","","","",""
"","","","","","","","","","","38746-52902:Trey Quinn","38746-52902","WR","Trey","Trey Quinn","Quinn","7.466666539510091","3","5400","WAS@NYG","WAS","NYG","","","","",""
"","","","","","","","","","","38746-27457:Kenny Stills","38746-27457","WR","Kenny","Kenny Stills","Stills","8.966666539510092","3","5400","CAR@HOU","HOU","CAR","","","","",""
"","","","","","","","","","","38746-70603:Devin Singletary","38746-70603","RB","Devin","Devin Singletary","Singletary","12","2","5400","NE@BUF","BUF","NE","Q","Hamstring","","",""
"","","","","","","","","","","38746-40167:Gus Edwards","38746-40167","RB","Gus","Gus Edwards","Edwards","4.833333333333333","3","5300","CLE@BAL","BAL","CLE","","","","",""
"","","","","","","","","","","38746-25837:Duke Johnson","38746-25837","RB","Duke","Duke Johnson","Johnson","5.833333333333333","3","5300","CAR@HOU","HOU","CAR","","","","",""
"","","","","","","","","","","38746-12548:Los Angeles Chargers","38746-12548","D","Los Angeles","Los Angeles Chargers","Chargers","4.666666666666667","3","5300","LAC@MIA","LAC","MIA","","","","",""
"","","","","","","","","","","38746-30989:Kenyan Drake","38746-30989","RB","Kenyan","Kenyan Drake","Drake","5.900000254313151","3","5300","LAC@MIA","MIA","LAC","","","","",""
"","","","","","","","","","","38746-24891:Chris Thompson","38746-24891","RB","Chris","Chris Thompson","Thompson","10.566666920979818","3","5300","WAS@NYG","WAS","NYG","","","","",""
"","","","","","","","","","","38746-60910:Dede Westbrook","38746-60910","WR","Dede","Dede Westbrook","Westbrook","6.666666666666667","3","5300","JAC@DEN","JAC","DEN","","","","",""
"","","","","","","","","","","38746-25272:Eric Ebron","38746-25272","TE","Eric","Eric Ebron","Ebron","5.833333333333333","3","5300","OAK@IND","IND","OAK","","","","",""
"","","","","","","","","","","38746-71706:T.J. Hockenson","38746-71706","TE","T.J.","T.J. Hockenson","Hockenson","7.966666539510091","3","5200","KC@DET","DET","KC","","","","",""
"","","","","","","","","","","38746-24671:Adam Humphries","38746-24671","WR","Adam","Adam Humphries","Humphries","4.766666730244954","3","5200","TEN@ATL","TEN","ATL","","","","",""
"","","","","","","","","","","38746-34154:J.J. Nelson","38746-34154","WR","J.J.","J.J. Nelson","Nelson","11.600000381469727","1","5200","OAK@IND","OAK","IND","","","","",""
"","","","","","","","","","","38746-45439:Corey Davis","38746-45439","WR","Corey","Corey Davis","Davis","3.7333332697550454","3","5200","TEN@ATL","TEN","ATL","","","","",""
"","","","","","","","","","","38746-62967:Preston Williams","38746-62967","WR","Preston","Preston Williams","Williams","9","3","5200","LAC@MIA","MIA","LAC","","","","",""
"","","","","","","","","","","38746-22288:Cole Beasley","38746-22288","WR","Cole","Cole Beasley","Beasley","9.200000127156576","3","5200","NE@BUF","BUF","NE","","","","",""
"","","","","","","","","","","38746-39859:Jack Doyle","38746-39859","TE","Jack","Jack Doyle","Doyle","4.066666603088379","3","5200","OAK@IND","IND","OAK","","","","",""
"","","","","","","","","","","38746-41936:Anthony Miller","38746-41936","WR","Anthony","Anthony Miller","Miller","0.9000000158945719","3","5200","MIN@CHI","CHI","MIN","","","","",""
"","","","","","","","","","","38746-63591:Ronald Jones II","38746-63591","RB","Ronald","Ronald Jones II","Jones II","7.766666412353516","3","5100","TB@LAR","TB","LAR","","","","",""
"","","","","","","","","","","38746-30403:Chris Conley","38746-30403","WR","Chris","Chris Conley","Conley","10.666666666666666","3","5100","JAC@DEN","JAC","DEN","","","","",""
"","","","","","","","","","","38746-6870:Vernon Davis","38746-6870","TE","Vernon","Vernon Davis","Davis","7.433333079020183","3","5100","WAS@NYG","WAS","NYG","","","","",""
"","","","","","","","","","","38746-63360:Antonio Callaway","38746-63360","WR","Antonio","Antonio Callaway","Callaway","6.925000190734863","16","5100","CLE@BAL","CLE","BAL","O","Suspension","","",""
"","","","","","","","","","","38746-57338:Jordan Akins","38746-57338","TE","Jordan","Jordan Akins","Akins","8.833333333333334","3","5100","CAR@HOU","HOU","CAR","","","","",""
"","","","","","","","","","","38746-40977:Ricky Seals-Jones","38746-40977","TE","Ricky","Ricky Seals-Jones","Seals-Jones","1.899999976158142","1","5000","CLE@BAL","CLE","BAL","","","","",""
"","","","","","","","","","","38746-27771:Cody Latimer","38746-27771","WR","Cody","Cody Latimer","Latimer","6.699999809265137","2","5000","WAS@NYG","NYG","WAS","Q","Concussion","","",""
"","","","","","","","","","","38746-44449:Willie Snead IV","38746-44449","WR","Willie","Willie Snead IV","Snead IV","6.099999745686849","3","5000","CLE@BAL","BAL","CLE","","","","",""
"","","","","","","","","","","38746-33260:DeVante Parker","38746-33260","WR","DeVante","DeVante Parker","Parker","5.366666793823242","3","5000","LAC@MIA","MIA","LAC","","","","",""
"","","","","","","","","","","38746-7856:Matthew Slater","38746-7856","WR","Matthew","Matthew Slater","Slater","0","0","5000","NE@BUF","NE","BUF","","","","",""
"","","","","","","","","","","38746-52931:Elijhaa Penny","38746-52931","RB","Elijhaa","Elijhaa Penny","Penny","0.30000001192092896","1","5000","WAS@NYG","NYG","WAS","","","","",""
"","","","","","","","","","","38746-47870:Tyler Higbee","38746-47870","TE","Tyler","Tyler Higbee","Higbee","6.550000190734863","2","5000","TB@LAR","LAR","TB","Q","Chest","","",""
"","","","","","","","","","","38746-41741:DaeSean Hamilton","38746-41741","WR","DaeSean","DaeSean Hamilton","Hamilton","2","2","5000","JAC@DEN","DEN","JAC","","","","",""
"","","","","","","","","","","38746-33578:Jalen Richard","38746-33578","RB","Jalen","Jalen Richard","Richard","2.066666603088379","3","5000","OAK@IND","OAK","IND","","","","",""
"","","","","","","","","","","38746-14339:Dion Lewis","38746-14339","RB","Dion","Dion Lewis","Lewis","2.3999999364217124","3","4900","TEN@ATL","TEN","ATL","","","","",""
"","","","","","","","","","","38746-62510:Nick Boyle","38746-62510","TE","Nick","Nick Boyle","Boyle","4.600000063578288","3","4900","CLE@BAL","BAL","CLE","","","","",""
"","","","","","","","","","","38746-72776:Alexander Mattison","38746-72776","RB","Alexander","Alexander Mattison","Mattison","6.400000254313151","3","4900","MIN@CHI","MIN","CHI","","","","",""
"","","","","","","","","","","38746-52371:Kalen Ballage","38746-52371","RB","Kalen","Kalen Ballage","Ballage","2.199999968210856","3","4900","LAC@MIA","MIA","LAC","","","","",""
"","","","","","","","","","","38746-30297:Trey Burton","38746-30297","TE","Trey","Trey Burton","Burton","2.75","2","4900","MIN@CHI","CHI","MIN","","","","",""
"","","","","","","","","","","38746-57986:Hunter Renfrow","38746-57986","WR","Hunter","Hunter Renfrow","Renfrow","3.866666793823242","3","4900","OAK@IND","OAK","IND","","","","",""
"","","","","","","","","","","38746-41867:Jordan Wilkins","38746-41867","RB","Jordan","Jordan Wilkins","Wilkins","4.449999809265137","2","4900","OAK@IND","IND","OAK","","","","",""
"","","","","","","","","","","38746-30635:Mike Davis","38746-30635","RB","Mike","Mike Davis","Davis","2.300000031789144","3","4900","MIN@CHI","CHI","MIN","","","","",""
"","","","","","","","","","","38746-8117:Danny Amendola","38746-8117","WR","Danny","Danny Amendola","Amendola","8.533333460489908","3","4900","KC@DET","DET","KC","","","","",""
"","","","","","","","","","","38746-79987:David Moore","38746-79987","WR","David","David Moore","Moore","3.4000000953674316","1","4800","SEA@ARI","SEA","ARI","","","","",""
"","","","","","","","","","","38746-63625:Nyheim Hines","38746-63625","RB","Nyheim","Nyheim Hines","Hines","3.3333333333333335","3","4800","OAK@IND","IND","OAK","","","","",""
"","","","","","","","","","","38746-12541:New England Patriots","38746-12541","D","New England","New England Patriots","Patriots","20.333333333333332","3","4800","NE@BUF","NE","BUF","","","","",""
"","","","","","","","","","","38746-14645:Dontrelle Inman","38746-14645","WR","Dontrelle","Dontrelle Inman","Inman","2.366666634877523","3","4800","LAC@MIA","LAC","MIA","","","","",""
"","","","","","","","","","","38746-63819:Darius Slayton","38746-63819","WR","Darius","Darius Slayton","Slayton","9.699999809265137","1","4800","WAS@NYG","NYG","WAS","","","","",""
"","","","","","","","","","","38746-55689:Ito Smith","38746-55689","RB","Ito","Ito Smith","Smith","3.3333333333333335","3","4800","TEN@ATL","ATL","TEN","Q","Concussion","","",""
"","","","","","","","","","","38746-47523:Tajae Sharpe","38746-47523","WR","Tajae","Tajae Sharpe","Sharpe","3.7999998728434243","3","4800","TEN@ATL","TEN","ATL","","","","",""
"","","","","","","","","","","38746-54753:Taylor Gabriel","38746-54753","WR","Taylor","Taylor Gabriel","Gabriel","11.866666158040365","3","4800","MIN@CHI","CHI","MIN","Q","Concussion","","",""
"","","","","","","","","","","38746-52808:Dontrell Hilliard","38746-52808","RB","Dontrell","Dontrell Hilliard","Hilliard","8.300000190734863","1","4800","CLE@BAL","CLE","BAL","","","","",""
"","","","","","","","","","","38746-33472:C.J. Prosise","38746-33472","RB","C.J.","C.J. Prosise","Prosise","5.150000095367432","2","4800","SEA@ARI","SEA","ARI","","","","",""
"","","","","","","","","","","38746-43912:Chad Beebe","38746-43912","WR","Chad","Chad Beebe","Beebe","2.6666666666666665","3","4800","MIN@CHI","MIN","CHI","IR","Ankle","","",""
"","","","","","","","","","","38746-55366:Qadree Ollison","38746-55366","RB","Qadree","Qadree Ollison","Ollison","0","0","4700","TEN@ATL","ATL","TEN","","","","",""
"","","","","","","","","","","38746-64585:Dawson Knox","38746-64585","TE","Dawson","Dawson Knox","Knox","6","3","4700","NE@BUF","BUF","NE","","","","",""
"","","","","","","","","","","38746-83081:Chase Edmonds","38746-83081","RB","Chase","Chase Edmonds","Edmonds","2.066666603088379","3","4700","SEA@ARI","ARI","SEA","","","","",""
"","","","","","","","","","","38746-72846:A.J. Brown","38746-72846","WR","A.J.","A.J. Brown","Brown","5.466666539510091","3","4700","TEN@ATL","TEN","ATL","","","","",""
"","","","","","","","","","","38746-57543:D'Ernest Johnson","38746-57543","RB","D'Ernest","D'Ernest Johnson","Johnson","5.550000190734863","2","4700","CLE@BAL","CLE","BAL","","","","",""
"","","","","","","","","","","38746-12527:Chicago Bears","38746-12527","D","Chicago","Chicago Bears","Bears","11.666666666666666","3","4700","MIN@CHI","CHI","MIN","","","","",""
"","","","","","","","","","","38746-12554:Jacksonville Jaguars","38746-12554","D","Jacksonville","Jacksonville Jaguars","Jaguars","6.333333333333333","3","4700","JAC@DEN","JAC","DEN","","","","",""
"","","","","","","","","","","38746-33047:Chris Moore","38746-33047","WR","Chris","Chris Moore","Moore","2.453333282470703","15","4700","CLE@BAL","BAL","CLE","","","","",""
"","","","","","","","","","","38746-41305:Zay Jones","38746-41305","WR","Zay","Zay Jones","Jones","3","3","4700","NE@BUF","BUF","NE","","","","",""
"","","","","","","","","","","38746-38301:Darren Fells","38746-38301","TE","Darren","Darren Fells","Fells","4.933333396911621","3","4700","CAR@HOU","HOU","CAR","","","","",""
"","","","","","","","","","","38746-28157:Bennie Fowler III","38746-28157","WR","Bennie","Bennie Fowler III","Fowler III","5.700000127156575","3","4700","WAS@NYG","NYG","WAS","","","","",""
"","","","","","","","","","","38746-70157:Darrell Henderson Jr.","38746-70157","RB","Darrell","Darrell Henderson Jr.","Henderson Jr.","0","1","4700","TB@LAR","LAR","TB","","","","",""
"","","","","","","","","","","38746-70372:Chester Rogers","38746-70372","WR","Chester","Chester Rogers","Rogers","1.9500000476837158","2","4700","OAK@IND","IND","OAK","","","","",""
"","","","","","","","","","","38746-33552:TJ Jones","38746-33552","WR","TJ","TJ Jones","Jones","5.650000095367432","2","4700","WAS@NYG","NYG","WAS","","","","",""
"","","","","","","","","","","38746-30678:Damiere Byrd","38746-30678","WR","Damiere","Damiere Byrd","Byrd","5.200000127156575","3","4700","SEA@ARI","ARI","SEA","","","","",""
"","","","","","","","","","","38746-26610:Paul Richardson Jr.","38746-26610","WR","Paul","Paul Richardson Jr.","Richardson Jr.","11","3","4700","WAS@NYG","WAS","NYG","","","","",""
"","","","","","","","","","","38746-72725:Irv Smith Jr.","38746-72725","TE","Irv","Irv Smith Jr.","Smith Jr.","3.950000047683716","2","4600","MIN@CHI","MIN","CHI","","","","",""
"","","","","","","","","","","38746-71705:Noah Fant","38746-71705","TE","Noah","Noah Fant","Fant","3.9666665395100913","3","4600","JAC@DEN","DEN","JAC","","","","",""
"","","","","","","","","","","38746-62508:James O'Shaughnessy","38746-62508","TE","James","James O'Shaughnessy","O'Shaughnessy","6.266666412353516","3","4600","JAC@DEN","JAC","DEN","","","","",""
"","","","","","","","","","","38746-48344:Albert Wilson","38746-48344","WR","Albert","Albert Wilson","Wilson","2.4000000953674316","1","4600","LAC@MIA","MIA","LAC","Q","Calf","","",""
"","","","","","","","","","","38746-43334:J.D. McKissic","38746-43334","RB","J.D.","J.D. McKissic","McKissic","2.6666666666666665","3","4600","KC@DET","DET","KC","","","","",""
"","","","","","","","","","","38746-31061:T.J. Yeldon","38746-31061","RB","T.J.","T.J. Yeldon","Yeldon","3.9000000953674316","1","4600","NE@BUF","BUF","NE","","","","",""
"","","","","","","","","","","38746-34295:Breshad Perriman","38746-34295","WR","Breshad","Breshad Perriman","Perriman","1.4666666984558105","3","4600","TB@LAR","TB","LAR","","","","",""
"","","","","","","","","","","38746-55088:Malik Turner","38746-55088","WR","Malik","Malik Turner","Turner","4.900000095367432","2","4600","SEA@ARI","SEA","ARI","","","","",""
"","","","","","","","","","","38746-57208:KeeSean Johnson","38746-57208","WR","KeeSean","KeeSean Johnson","Johnson","5.166666666666667","3","4600","SEA@ARI","ARI","SEA","","","","",""
"","","","","","","","","","","38746-14237:Kyle Rudolph","38746-14237","TE","Kyle","Kyle Rudolph","Rudolph","1.3333333333333333","3","4600","MIN@CHI","MIN","CHI","","","","",""
"","","","","","","","","","","38746-56265:Mike Gesicki","38746-56265","TE","Mike","Mike Gesicki","Gesicki","2.7000001271565757","3","4600","LAC@MIA","MIA","LAC","","","","",""
"","","","","","","","","","","38746-54280:Duke Williams","38746-54280","WR","Duke","Duke Williams","Williams","0","0","4500","NE@BUF","BUF","NE","","","","",""
"","","","","","","","","","","38746-24589:Jaron Brown","38746-24589","WR","Jaron","Jaron Brown","Brown","4.5","1","4500","SEA@ARI","SEA","ARI","","","","",""
"","","","","","","","","","","38746-30733:Cordarrelle Patterson","38746-30733","WR","Cordarrelle","Cordarrelle Patterson","Patterson","2.7000001271565757","3","4500","MIN@CHI","CHI","MIN","","","","",""
"","","","","","","","","","","38746-61468:Juwan Foggie","38746-61468","WR","Juwan","Juwan Foggie","Foggie","0","0","4500","NE@BUF","BUF","NE","","","","",""
"","","","","","","","","","","38746-56356:Isaiah Ford","38746-56356","WR","Isaiah","Isaiah Ford","Ford","0","1","4500","LAC@MIA","MIA","LAC","","","","",""
"","","","","","","","","","","38746-64576:Damien Harris","38746-64576","RB","Damien","Damien Harris","Harris","0","0","4500","NE@BUF","NE","BUF","","","","",""
"","","","","","","","","","","38746-44103:Elijah McGuire","38746-44103","RB","Elijah","Elijah McGuire","McGuire","9.550000190734863","8","4500","CLE@BAL","CLE","BAL","","","","",""
"","","","","","","","","","","38746-41042:Marcell Ateman","38746-41042","WR","Marcell","Marcell Ateman","Ateman","4.816666603088379","6","4500","OAK@IND","OAK","IND","","","","",""
"","","","","","","","","","","38746-79967:Adam Shaheen","38746-79967","TE","Adam","Adam Shaheen","Shaheen","2.066666603088379","3","4500","MIN@CHI","CHI","MIN","","","","",""
"","","","","","","","","","","38746-79972:Chad Williams","38746-79972","WR","Chad","Chad Williams","Williams","3.25","10","4500","OAK@IND","IND","OAK","","","","",""
"","","","","","","","","","","38746-79982:Alex Armah","38746-79982","RB","Alex","Alex Armah","Armah","3.5999999046325684","2","4500","CAR@HOU","CAR","HOU","","","","",""
"","","","","","","","","","","38746-61555:David Sills V","38746-61555","WR","David","David Sills V","Sills V","0","0","4500","WAS@NYG","NYG","WAS","","","","",""
"","","","","","","","","","","38746-55414:Cody Thompson","38746-55414","WR","Cody","Cody Thompson","Thompson","0","0","4500","KC@DET","KC","DET","","","","",""
"","","","","","","","","","","38746-52345:Brandon Powell","38746-52345","WR","Brandon","Brandon Powell","Powell","3.133333206176758","6","4500","TEN@ATL","ATL","TEN","","","","",""
"","","","","","","","","","","38746-42107:Robert Foster","38746-42107","WR","Robert","Robert Foster","Foster","0","2","4500","NE@BUF","BUF","NE","","","","",""
"","","","","","","","","","","38746-79998:Keelan Cole","38746-79998","WR","Keelan","Keelan Cole","Cole","5.392307574932392","13","4500","JAC@DEN","JAC","DEN","","","","",""
"","","","","","","","","","","38746-104577:Gunner Olszewski","38746-104577","WR","Gunner","Gunner Olszewski","Olszewski","-0.6666666666666666","3","4500","NE@BUF","NE","BUF","","","","",""
"","","","","","","","","","","38746-61570:Chandler Cox","38746-61570","RB","Chandler","Chandler Cox","Cox","0","0","4500","LAC@MIA","MIA","LAC","","","","",""
"","","","","","","","","","","38746-83083:Justin Watson","38746-83083","WR","Justin","Justin Watson","Watson","0.3333333333333333","3","4500","TB@LAR","TB","LAR","","","","",""
"","","","","","","","","","","38746-63634:Jakobi Meyers","38746-63634","WR","Jakobi","Jakobi Meyers","Meyers","3.75","2","4500","NE@BUF","NE","BUF","","","","",""
"","","","","","","","","","","38746-28827:Dare Ogunbowale","38746-28827","RB","Dare","Dare Ogunbowale","Ogunbowale","3.5","3","4500","TB@LAR","TB","LAR","","","","",""
"","","","","","","","","","","38746-84122:Detrez Newsome","38746-84122","RB","Detrez","Detrez Newsome","Newsome","2.6000000635782876","3","4500","LAC@MIA","LAC","MIA","","","","",""
"","","","","","","","","","","38746-25760:Allen Hurns","38746-25760","WR","Allen","Allen Hurns","Hurns","1.8666666348775227","3","4500","LAC@MIA","MIA","LAC","Q","Concussion","","",""
"","","","","","","","","","","38746-62628:DeAndre Carter","38746-62628","WR","DeAndre","DeAndre Carter","Carter","0.13333333532015482","3","4500","CAR@HOU","HOU","CAR","","","","",""
"","","","","","","","","","","38746-52391:Jalen Harvey","38746-52391","WR","Jalen","Jalen Harvey","Harvey","0","0","4500","SEA@ARI","SEA","ARI","","","","",""
"","","","","","","","","","","38746-84137:Deontez Alexander","38746-84137","WR","Deontez","Deontez Alexander","Alexander","0","0","4500","KC@DET","DET","KC","","","","",""
"","","","","","","","","","","38746-29866:Paul Perkins","38746-29866","RB","Paul","Paul Perkins","Perkins","0","0","4500","KC@DET","DET","KC","","","","",""
"","","","","","","","","","","38746-45229:Kareem Hunt","38746-45229","RB","Kareem","Kareem Hunt","Hunt","19.745454268022016","11","4500","CLE@BAL","CLE","BAL","O","Suspension","","",""
"","","","","","","","","","","38746-9392:Michael Crabtree","38746-9392","WR","Michael","Michael Crabtree","Crabtree","2.0999999046325684","2","4500","SEA@ARI","ARI","SEA","","","","",""
"","","","","","","","","","","38746-40118:Steven Mitchell Jr.","38746-40118","WR","Steven","Steven Mitchell Jr.","Mitchell Jr.","0","0","4500","CAR@HOU","HOU","CAR","","","","",""
"","","","","","","","","","","38746-52409:Jakob Johnson","38746-52409","RB","Jakob","Jakob Johnson","Johnson","0","0","4500","NE@BUF","NE","BUF","","","","",""
"","","","","","","","","","","38746-61631:Olabisi Johnson","38746-61631","WR","Olabisi","Olabisi Johnson","Johnson","0","0","4500","MIN@CHI","MIN","CHI","","","","",""
"","","","","","","","","","","38746-68800:Jaleel Scott","38746-68800","WR","Jaleel","Jaleel Scott","Scott","0","0","4500","CLE@BAL","BAL","CLE","","","","",""
"","","","","","","","","","","38746-83140:Christopher Ezeala","38746-83140","RB","Christopher","Christopher Ezeala","Ezeala","0","0","4500","CLE@BAL","BAL","CLE","","","","",""
"","","","","","","","","","","38746-54472:Cam Sims","38746-54472","WR","Cam","Cam Sims","Sims","0","0","4500","WAS@NYG","WAS","NYG","","","","",""
"","","","","","","","","","","38746-70868:Damarea Crockett","38746-70868","RB","Damarea","Damarea Crockett","Crockett","0","0","4500","OAK@IND","OAK","IND","","","","",""
"","","","","","","","","","","38746-28890:Derek Watt","38746-28890","RB","Derek","Derek Watt","Watt","0.36666667461395264","3","4500","LAC@MIA","LAC","MIA","","","","",""
"","","","","","","","","","","38746-55514:Buddy Howell","38746-55514","RB","Buddy","Buddy Howell","Howell","0","1","4500","CAR@HOU","HOU","CAR","","","","",""
"","","","","","","","","","","38746-11485:Golden Tate","38746-11485","WR","Golden","Golden Tate","Tate","9.726666259765626","15","4500","WAS@NYG","NYG","WAS","O","Suspension","","",""
"","","","","","","","","","","38746-28900:Melvin Gordon III","38746-28900","RB","Melvin","Melvin Gordon III","Gordon III","20.875","12","4500","LAC@MIA","LAC","MIA","O","Contract dispute","","",""
"","","","","","","","","","","38746-40164:Shelton Gibson","38746-40164","WR","Shelton","Shelton Gibson","Gibson","1.3250000476837158","4","4500","CLE@BAL","CLE","BAL","","","","",""
"","","","","","","","","","","38746-93413:Terry Wright","38746-93413","WR","Terry","Terry Wright","Wright","0","0","4500","SEA@ARI","SEA","ARI","","","","",""
"","","","","","","","","","","38746-63717:Alec Ingold","38746-63717","RB","Alec","Alec Ingold","Ingold","0","0","4500","OAK@IND","OAK","IND","","","","",""
"","","","","","","","","","","38746-11504:Andre Roberts","38746-11504","WR","Andre","Andre Roberts","Roberts","0","1","4500","NE@BUF","BUF","NE","","","","",""
"","","","","","","","","","","38746-45299:David Fluellen","38746-45299","RB","David","David Fluellen","Fluellen","0.800000011920929","2","4500","TEN@ATL","TEN","ATL","Q","Hamstring","","",""
"","","","","","","","","","","38746-48371:Robert Davis","38746-48371","WR","Robert","Robert Davis","Davis","0","0","4500","WAS@NYG","WAS","NYG","","","","",""
"","","","","","","","","","","38746-94453:Darwin Thompson","38746-94453","RB","Darwin","Darwin Thompson","Thompson","0.5666666825612386","3","4500","KC@DET","KC","DET","","","","",""
"","","","","","","","","","","38746-44280:JoJo Natson","38746-44280","WR","JoJo","JoJo Natson","Natson","0","3","4500","TB@LAR","LAR","TB","","","","",""
"","","","","","","","","","","38746-56580:Christian Blake","38746-56580","WR","Christian","Christian Blake","Blake","0","0","4500","TEN@ATL","ATL","TEN","","","","",""
"","","","","","","","","","","38746-41221:Andre Patton","38746-41221","WR","Andre","Andre Patton","Patton","0","0","4500","LAC@MIA","LAC","MIA","","","","",""
"","","","","","","","","","","38746-64786:Ryquell Armstead","38746-64786","RB","Ryquell","Ryquell Armstead","Armstead","0.699999988079071","1","4500","JAC@DEN","JAC","DEN","","","","",""
"","","","","","","","","","","38746-83221:De'Lance Turner","38746-83221","RB","De'Lance","De'Lance Turner","Turner","1.5499999523162842","2","4500","CLE@BAL","BAL","CLE","","","","",""
"","","","","","","","","","","38746-60705:Tyron Johnson","38746-60705","WR","Tyron","Tyron Johnson","Johnson","0","0","4500","CAR@HOU","HOU","CAR","","","","",""
"","","","","","","","","","","38746-31015:DeAndrew White","38746-31015","WR","DeAndrew","DeAndrew White","White","0","0","4500","CAR@HOU","CAR","HOU","","","","",""
"","","","","","","","","","","38746-56623:Papi White","38746-56623","WR","Papi","Papi White","White","0","0","4500","TEN@ATL","TEN","ATL","","","","",""
"","","","","","","","","","","38746-57651:Travis Fulgham","38746-57651","WR","Travis","Travis Fulgham","Fulgham","0","0","4500","KC@DET","DET","KC","","","","",""
"","","","","","","","","","","38746-55609:Ryan Izzo","38746-55609","TE","Ryan","Ryan Izzo","Izzo","2.700000047683716","2","4500","NE@BUF","NE","BUF","","","","",""
"","","","","","","","","","","38746-64827:Miles Boykin","38746-64827","WR","Miles","Miles Boykin","Boykin","2.866666793823242","3","4500","CLE@BAL","BAL","CLE","","","","",""
"","","","","","","","","","","38746-85306:KhaDarel Hodge","38746-85306","WR","KhaDarel","KhaDarel Hodge","Hodge","0.9000000158945719","3","4500","CLE@BAL","CLE","BAL","","","","",""
"","","","","","","","","","","38746-60736:Jazz Ferguson","38746-60736","WR","Jazz","Jazz Ferguson","Ferguson","0","0","4500","SEA@ARI","SEA","ARI","","","","",""
"","","","","","","","","","","38746-62791:Mark Walton","38746-62791","RB","Mark","Mark Walton","Walton","1.649999976158142","2","4500","LAC@MIA","MIA","LAC","","","","",""
"","","","","","","","","","","38746-56649:Sean Modster","38746-56649","WR","Sean","Sean Modster","Modster","0","0","4500","CLE@BAL","BAL","CLE","","","","",""
"","","","","","","","","","","38746-34125:Geremy Davis","38746-34125","WR","Geremy","Geremy Davis","Davis","0","1","4500","LAC@MIA","LAC","MIA","","","","",""
"","","","","","","","","","","38746-40298:Derrick Willies","38746-40298","WR","Derrick","Derrick Willies","Willies","7.599999904632568","1","4500","CLE@BAL","CLE","BAL","","","","",""
"","","","","","","","","","","38746-14704:Chris Hogan","38746-14704","WR","Chris","Chris Hogan","Hogan","0.9333333174387614","3","4500","CAR@HOU","CAR","HOU","","","","",""
"","","","","","","","","","","38746-33137:Justin Hardy","38746-33137","WR","Justin","Justin Hardy","Hardy","2.3999999364217124","3","4500","TEN@ATL","ATL","TEN","","","","",""
"","","","","","","","","","","38746-22898:Brandon Bolden","38746-22898","RB","Brandon","Brandon Bolden","Bolden","1.7999999523162842","2","4500","NE@BUF","NE","BUF","","","","",""
"","","","","","","","","","","38746-63869:Parker Baldwin","38746-63869","WR","Parker","Parker Baldwin","Baldwin","0","0","4500","TEN@ATL","ATL","TEN","","","","",""
"","","","","","","","","","","38746-71039:Kelvin Harmon","38746-71039","WR","Kelvin","Kelvin Harmon","Harmon","4.099999904632568","1","4500","WAS@NYG","WAS","NYG","","","","",""
"","","","","","","","","","","38746-53639:Isaiah McKenzie","38746-53639","WR","Isaiah","Isaiah McKenzie","McKenzie","6.900000095367432","2","4500","NE@BUF","BUF","NE","","","","",""
"","","","","","","","","","","38746-55694:Mike Thomas","38746-55694","WR","Mike","Mike Thomas","Thomas","0","0","4500","TB@LAR","LAR","TB","","","","",""
"","","","","","","","","","","38746-80281:C.J. Board","38746-80281","WR","C.J.","C.J. Board","Board","0","0","4500","JAC@DEN","JAC","DEN","","","","",""
"","","","","","","","","","","38746-41370:Trevor Davis","38746-41370","WR","Trevor","Trevor Davis","Davis","1.649999976158142","2","4500","OAK@IND","OAK","IND","","","","",""
"","","","","","","","","","","38746-41371:Khalfani Muhammad","38746-41371","RB","Khalfani","Khalfani Muhammad","Muhammad","0","0","4500","JAC@DEN","DEN","JAC","","","","",""
"","","","","","","","","","","38746-55712:Jonathan Duhart","38746-55712","WR","Jonathan","Jonathan Duhart","Duhart","0","0","4500","KC@DET","DET","KC","","","","",""
"","","","","","","","","","","38746-28065:Jehu Chesson","38746-28065","WR","Jehu","Jehu Chesson","Chesson","0.20000000298023224","4","4500","WAS@NYG","WAS","NYG","","","","",""
"","","","","","","","","","","38746-60861:Damion Ratley","38746-60861","WR","Damion","Damion Ratley","Ratley","4.266666730244954","3","4500","CLE@BAL","CLE","BAL","","","","",""
"","","","","","","","","","","38746-72133:Antoine Wesley","38746-72133","WR","Antoine","Antoine Wesley","Wesley","0","0","4500","CLE@BAL","BAL","CLE","","","","",""
"","","","","","","","","","","38746-55750:Chris Lacy","38746-55750","WR","Chris","Chris Lacy","Lacy","0","1","4500","KC@DET","DET","KC","","","","",""
"","","","","","","","","","","38746-31184:Jonathan Williams","38746-31184","RB","Jonathan","Jonathan Williams","Williams","0.20000000794728598","3","4500","OAK@IND","IND","OAK","Q","Ribs","","",""
"","","","","","","","","","","38746-54741:Seth Roberts","38746-54741","WR","Seth","Seth Roberts","Roberts","3.0999999046325684","2","4500","CLE@BAL","BAL","CLE","","","","",""
"","","","","","","","","","","38746-103896:Nsimba Webster","38746-103896","WR","Nsimba","Nsimba Webster","Webster","0","0","4500","TB@LAR","LAR","TB","","","","",""
"","","","","","","","","","","38746-103901:Davion Davis","38746-103901","WR","Davion","Davion Davis","Davis","0","0","4500","MIN@CHI","MIN","CHI","","","","",""
"","","","","","","","","","","38746-103900:Brandon Dillon","38746-103900","TE","Brandon","Brandon Dillon","Dillon","0","0","4500","MIN@CHI","MIN","CHI","","","","",""
"","","","","","","","","","","38746-14820:Nick Bellore","38746-14820","RB","Nick","Nick Bellore","Bellore","0.875","4","4500","SEA@ARI","SEA","ARI","","","","",""
"","","","","","","","","","","38746-54782:Cameron Brate","38746-54782","TE","Cameron","Cameron Brate","Brate","1.8333333333333333","3","4500","TB@LAR","TB","LAR","","","","",""
"","","","","","","","","","","38746-29183:D.J. Foster","38746-29183","RB","D.J.","D.J. Foster","Foster","0","0","4500","SEA@ARI","ARI","SEA","","","","",""
"","","","","","","","","","","38746-60930:Myles Gaskin","38746-60930","RB","Myles","Myles Gaskin","Gaskin","0","0","4500","LAC@MIA","MIA","LAC","","","","",""
"","","","","","","","","","","38746-62994:Steven Sims Jr.","38746-62994","WR","Steven","Steven Sims Jr.","Sims Jr.","1.933333396911621","3","4500","WAS@NYG","WAS","NYG","","","","",""
"","","","","","","","","","","38746-22035:Travis Benjamin","38746-22035","WR","Travis","Travis Benjamin","Benjamin","1.2333333492279053","3","4500","LAC@MIA","LAC","MIA","","","","",""
"","","","","","","","","","","38746-54817:Diontae Spencer","38746-54817","WR","Diontae","Diontae Spencer","Spencer","0","2","4500","JAC@DEN","DEN","JAC","","","","",""
"","","","","","","","","","","38746-22054:Jarius Wright","38746-22054","WR","Jarius","Jarius Wright","Wright","3.066666603088379","3","4500","CAR@HOU","CAR","HOU","","","","",""
"","","","","","","","","","","38746-57900:Quinton Flowers","38746-57900","RB","Quinton","Quinton Flowers","Flowers","0","0","4500","OAK@IND","IND","OAK","","","","",""
"","","","","","","","","","","38746-63033:Marcus Marshall","38746-63033","RB","Marcus","Marcus Marshall","Marshall","0","0","4500","KC@DET","KC","DET","","","","",""
"","","","","","","","","","","38746-103996:Reggie White Jr.","38746-103996","WR","Reggie","Reggie White Jr.","White Jr.","0","0","4500","WAS@NYG","NYG","WAS","","","","",""
"","","","","","","","","","","38746-103998:Thomas Ives","38746-103998","WR","Thomas","Thomas Ives","Ives","0","0","4500","MIN@CHI","CHI","MIN","","","","",""
"","","","","","","","","","","38746-64065:Emanuel Hall","38746-64065","WR","Emanuel","Emanuel Hall","Hall","0","0","4500","TB@LAR","TB","LAR","","","","",""
"","","","","","","","","","","38746-69184:Dillon Mitchell","38746-69184","WR","Dillon","Dillon Mitchell","Mitchell","0","0","4500","MIN@CHI","MIN","CHI","","","","",""
"","","","","","","","","","","38746-12872:James Develin","38746-12872","RB","James","James Develin","Develin","0.30000001192092896","1","4500","NE@BUF","NE","BUF","IR","Neck","","",""
"","","","","","","","","","","38746-104008:Stephen Carlson","38746-104008","TE","Stephen","Stephen Carlson","Carlson","0","0","4500","CLE@BAL","CLE","BAL","","","","",""
"","","","","","","","","","","38746-63050:Ty Johnson","38746-63050","RB","Ty","Ty Johnson","Johnson","2.066666603088379","3","4500","KC@DET","DET","KC","","","","",""
"","","","","","","","","","","38746-104012:Ashton Dulin","38746-104012","WR","Ashton","Ashton Dulin","Dulin","0","0","4500","OAK@IND","IND","OAK","","","","",""
"","","","","","","","","","","38746-63061:Gary Jennings","38746-63061","WR","Gary","Gary Jennings","Jennings","0","0","4500","SEA@ARI","SEA","ARI","","","","",""
"","","","","","","","","","","38746-30298:Jordan Reed","38746-30298","TE","Jordan","Jordan Reed","Reed","7.138461773212139","13","4500","WAS@NYG","WAS","NYG","O","Concussion","","",""
"","","","","","","","","","","38746-62042:Deon Cain","38746-62042","WR","Deon","Deon Cain","Cain","2","3","4500","OAK@IND","IND","OAK","","","","",""
"","","","","","","","","","","38746-27229:Ameer Abdullah","38746-27229","RB","Ameer","Ameer Abdullah","Abdullah","0.3333333333333333","3","4500","MIN@CHI","MIN","CHI","","","","",""
"","","","","","","","","","","38746-31329:Russell Shepard","38746-31329","WR","Russell","Russell Shepard","Shepard","2","2","4500","WAS@NYG","NYG","WAS","Q","Foot","","",""
"","","","","","","","","","","38746-54885:Artavis Scott","38746-54885","WR","Artavis","Artavis Scott","Scott","0","0","4500","LAC@MIA","LAC","MIA","","","","",""
"","","","","","","","","","","38746-62055:Ray-Ray McCloud","38746-62055","WR","Ray-Ray","Ray-Ray McCloud","McCloud","0","3","4500","CAR@HOU","CAR","HOU","","","","",""
"","","","","","","","","","","38746-38509:Wendell Smallwood","38746-38509","RB","Wendell","Wendell Smallwood","Smallwood","2.299999952316284","1","4500","WAS@NYG","WAS","NYG","","","","",""
"","","","","","","","","","","38746-38523:Geoff Swaim","38746-38523","TE","Geoff","Geoff Swaim","Swaim","2.633333365122477","3","4500","JAC@DEN","JAC","DEN","","","","",""
"","","","","","","","","","","38746-61060:Devine Ozigbo","38746-61060","RB","Devine","Devine Ozigbo","Ozigbo","0","0","4500","JAC@DEN","JAC","DEN","","","","",""
"","","","","","","","","","","38746-55941:Patrick Laird","38746-55941","RB","Patrick","Patrick Laird","Laird","0","0","4500","LAC@MIA","MIA","LAC","","","","",""
"","","","","","","","","","","38746-27273:Andy Janovich","38746-27273","RB","Andy","Andy Janovich","Janovich","2.4111111958821616","9","4500","JAC@DEN","DEN","JAC","Q","Pectoral","","",""
"","","","","","","","","","","38746-53913:Cody Hollister","38746-53913","WR","Cody","Cody Hollister","Hollister","0","0","4500","TEN@ATL","TEN","ATL","","","","",""
"","","","","","","","","","","38746-39580:Devontae Booker","38746-39580","RB","Devontae","Devontae Booker","Booker","4.300000190734863","16","4500","JAC@DEN","DEN","JAC","","","","",""
"","","","","","","","","","","38746-55964:Tony Brooks-James","38746-55964","RB","Tony","Tony Brooks-James","Brooks-James","0","0","4500","TB@LAR","TB","LAR","","","","",""
"","","","","","","","","","","38746-40612:Bobo Wilson","38746-40612","WR","Bobo","Bobo Wilson","Wilson","0","3","4500","TB@LAR","TB","LAR","","","","",""
"","","","","","","","","","","38746-47780:Taywan Taylor","38746-47780","WR","Taywan","Taywan Taylor","Taylor","0","1","4500","CLE@BAL","CLE","BAL","","","","",""
"","","","","","","","","","","38746-29351:De'Anthony Thomas","38746-29351","WR","De'Anthony","De'Anthony Thomas","Thomas","0.550000011920929","2","4500","KC@DET","KC","DET","","","","",""
"","","","","","","","","","","38746-29357:Kenjon Barner","38746-29357","RB","Kenjon","Kenjon Barner","Barner","0.29999999205271405","3","4500","TEN@ATL","ATL","TEN","Q","Concussion","","",""
"","","","","","","","","","","38746-31406:Alfred Blue","38746-31406","RB","Alfred","Alfred Blue","Blue","5.456250190734863","16","4500","JAC@DEN","JAC","DEN","IR","Ankle","","",""
"","","","","","","","","","","38746-69295:Byron Pringle","38746-69295","WR","Byron","Byron Pringle","Pringle","1.2000000476837158","1","4500","KC@DET","KC","DET","","","","",""
"","","","","","","","","","","38746-64175:Hakeem Butler","38746-64175","WR","Hakeem","Hakeem Butler","Butler","0","0","4500","SEA@ARI","ARI","SEA","IR","Hand","","",""
"","","","","","","","","","","38746-96942:Keelan Doss","38746-96942","WR","Keelan","Keelan Doss","Doss","0","0","4500","OAK@IND","OAK","IND","","","","",""
"","","","","","","","","","","38746-69299:Mark Thompson","38746-69299","RB","Mark","Mark Thompson","Thompson","0","0","4500","CLE@BAL","BAL","CLE","","","","",""
"","","","","","","","","","","38746-52916:Russell Gage","38746-52916","WR","Russell","Russell Gage","Gage","0.8500000238418579","2","4500","TEN@ATL","ATL","TEN","","","","",""
"","","","","","","","","","","38746-58041:Mike Boone","38746-58041","RB","Mike","Mike Boone","Boone","2.799999952316284","1","4500","MIN@CHI","MIN","CHI","","","","",""
"","","","","","","","","","","38746-71355:Elijah Holyfield","38746-71355","RB","Elijah","Elijah Holyfield","Holyfield","0","0","4500","CAR@HOU","CAR","HOU","","","","",""
"","","","","","","","","","","38746-71359:Javon Wims","38746-71359","WR","Javon","Javon Wims","Wims","0.6499999761581421","2","4500","MIN@CHI","CHI","MIN","","","","",""
"","","","","","","","","","","38746-69325:Riley Ridley","38746-69325","WR","Riley","Riley Ridley","Ridley","0","0","4500","MIN@CHI","CHI","MIN","","","","",""
"","","","","","","","","","","38746-53967:Nick Bawden","38746-53967","RB","Nick","Nick Bawden","Bawden","1","2","4500","KC@DET","DET","KC","","","","",""
"","","","","","","","","","","38746-64215:Karan Higdon Jr.","38746-64215","RB","Karan","Karan Higdon Jr.","Higdon Jr.","0","0","4500","CAR@HOU","HOU","CAR","","","","",""
"","","","","","","","","","","38746-45791:Rashard Higgins","38746-45791","WR","Rashard","Rashard Higgins","Higgins","5.599999904632568","1","4500","CLE@BAL","CLE","BAL","Q","Knee","","",""
"","","","","","","","","","","38746-38624:T.J. Logan","38746-38624","RB","T.J.","T.J. Logan","Logan","0","1","4500","TB@LAR","TB","LAR","","","","",""
"","","","","","","","","","","38746-57064:Ryan Nall","38746-57064","RB","Ryan","Ryan Nall","Nall","0","0","4500","MIN@CHI","CHI","MIN","","","","",""
"","","","","","","","","","","38746-56041:Khari Blasingame","38746-56041","RB","Khari","Khari Blasingame","Blasingame","0","0","4500","MIN@CHI","MIN","CHI","","","","",""
"","","","","","","","","","","38746-64242:Keke Coutee","38746-64242","WR","Keke","Keke Coutee","Coutee","1.7000000476837158","1","4500","CAR@HOU","HOU","CAR","","","","",""
"","","","","","","","","","","38746-54007:Jacob Hollister","38746-54007","TE","Jacob","Jacob Hollister","Hollister","3.5999999046325684","2","4500","SEA@ARI","SEA","ARI","","","","",""
"","","","","","","","","","","38746-54010:Brian Hill","38746-54010","RB","Brian","Brian Hill","Hill","3.0200000762939454","5","4500","TEN@ATL","ATL","TEN","","","","",""
"","","","","","","","","","","38746-56059:Trent Sherfield","38746-56059","WR","Trent","Trent Sherfield","Sherfield","0","1","4500","SEA@ARI","ARI","SEA","","","","",""
"","","","","","","","","","","38746-57091:Tim Patrick","38746-57091","WR","Tim","Tim Patrick","Patrick","4.8700000762939455","10","4500","JAC@DEN","DEN","JAC","IR","Hand","","",""
"","","","","","","","","","","38746-71444:Travis Homer","38746-71444","RB","Travis","Travis Homer","Homer","0","0","4500","SEA@ARI","SEA","ARI","","","","",""
"","","","","","","","","","","38746-70422:Kalif Raymond","38746-70422","WR","Kalif","Kalif Raymond","Raymond","0","0","4500","TEN@ATL","TEN","ATL","","","","",""
"","","","","","","","","","","38746-56099:Cullen Gillaspia","38746-56099","RB","Cullen","Cullen Gillaspia","Gillaspia","0","0","4500","CAR@HOU","HOU","CAR","","","","",""
"","","","","","","","","","","38746-31524:Cody Core","38746-31524","WR","Cody","Cody Core","Core","4.300000190734863","1","4500","WAS@NYG","NYG","WAS","","","","",""
"","","","","","","","","","","38746-82731:Brandon Zylstra","38746-82731","WR","Brandon","Brandon Zylstra","Zylstra","0.5599999904632569","5","4500","CAR@HOU","CAR","HOU","","","","",""
"","","","","","","","","","","38746-62271:Logan Tago","38746-62271","WR","Logan","Logan Tago","Tago","0","0","4500","SEA@ARI","SEA","ARI","","","","",""
"","","","","","","","","","","38746-28487:Jeff Heuerman","38746-28487","TE","Jeff","Jeff Heuerman","Heuerman","3.549999952316284","2","4500","JAC@DEN","DEN","JAC","","","","",""
"","","","","","","","","","","38746-56142:Juwann Winfree","38746-56142","WR","Juwann","Juwann Winfree","Winfree","0","0","4500","JAC@DEN","DEN","JAC","","","","",""
"","","","","","","","","","","38746-61273:Scotty Miller","38746-61273","WR","Scotty","Scotty Miller","Miller","0","0","4500","TB@LAR","TB","LAR","","","","",""
"","","","","","","","","","","38746-104282:Wes Hills","38746-104282","RB","Wes","Wes Hills","Hills","0","0","4500","SEA@ARI","ARI","SEA","","","","",""
"","","","","","","","","","","38746-104284:Bruce Anderson III","38746-104284","RB","Bruce","Bruce Anderson III","Anderson III","0","0","4500","OAK@IND","IND","OAK","","","","",""
"","","","","","","","","","","38746-71521:Justice Hill","38746-71521","RB","Justice","Justice Hill","Hill","1.566666603088379","3","4500","CLE@BAL","BAL","CLE","","","","",""
"","","","","","","","","","","38746-70501:C.J. Ham","38746-70501","RB","C.J.","C.J. Ham","Ham","0.16666666666666666","3","4500","MIN@CHI","MIN","CHI","","","","",""
"","","","","","","","","","","38746-32613:DeAndre Washington","38746-32613","RB","DeAndre","DeAndre Washington","Washington","2.5","3","4500","OAK@IND","OAK","IND","","","","",""
"","","","","","","","","","","38746-64357:Michael Walker","38746-64357","WR","Michael","Michael Walker","Walker","0","0","4500","JAC@DEN","JAC","DEN","","","","",""
"","","","","","","","","","","38746-104297:Jason Moore","38746-104297","WR","Jason","Jason Moore","Moore","0","0","4500","LAC@MIA","LAC","MIA","","","","",""
"","","","","","","","","","","38746-53097:Josh Reynolds","38746-53097","WR","Josh","Josh Reynolds","Reynolds","0","3","4500","TB@LAR","LAR","TB","","","","",""
"","","","","","","","","","","38746-31602:Fred Brown","38746-31602","WR","Fred","Fred Brown","Brown","0","0","4500","JAC@DEN","DEN","JAC","","","","",""
"","","","","","","","","","","38746-41857:Dalyn Dawkins","38746-41857","RB","Dalyn","Dalyn Dawkins","Dawkins","0","0","4500","TEN@ATL","TEN","ATL","","","","",""
"","","","","","","","","","","38746-56203:Jon Hilliman","38746-56203","RB","Jon","Jon Hilliman","Hilliman","0","0","4500","WAS@NYG","NYG","WAS","","","","",""
"","","","","","","","","","","38746-19342:Demetrius Harris","38746-19342","TE","Demetrius","Demetrius Harris","Harris","2.5333333015441895","3","4500","CLE@BAL","CLE","BAL","","","","",""
"","","","","","","","","","","38746-63383:Jordan Scarlett","38746-63383","RB","Jordan","Jordan Scarlett","Scarlett","0","0","4500","CAR@HOU","CAR","HOU","","","","",""
"","","","","","","","","","","38746-29593:Marqise Lee","38746-29593","WR","Marqise","Marqise Lee","Lee","0","0","4500","JAC@DEN","JAC","DEN","","","","",""
"","","","","","","","","","","38746-28570:Nick Vannett","38746-28570","TE","Nick","Nick Vannett","Vannett","1.933333396911621","3","4500","SEA@ARI","SEA","ARI","","","","",""
"","","","","","","","","","","38746-63387:Jayson Stanley","38746-63387","WR","Jayson","Jayson Stanley","Stanley","0","0","4500","TEN@ATL","ATL","TEN","","","","",""
"","","","","","","","","","","38746-33703:Ryan Grant","38746-33703","WR","Ryan","Ryan Grant","Grant","1.7000000476837158","2","4500","OAK@IND","OAK","IND","","","","",""
"","","","","","","","","","","38746-25513:Darius Jennings","38746-25513","WR","Darius","Darius Jennings","Jennings","0.5333333412806193","3","4500","TEN@ATL","TEN","ATL","","","","",""
"","","","","","","","","","","38746-55224:Reggie Bonnafon","38746-55224","RB","Reggie","Reggie Bonnafon","Bonnafon","0.5","1","4500","CAR@HOU","CAR","HOU","","","","",""
"","","","","","","","","","","38746-43961:Tyler Ervin","38746-43961","RB","Tyler","Tyler Ervin","Ervin","0","2","4500","JAC@DEN","JAC","DEN","","","","",""
"","","","","","","","","","","38746-103352:Christian Wade","38746-103352","RB","Christian","Christian Wade","Wade","0","0","4500","NE@BUF","BUF","NE","","","","",""
"","","","","","","","","","","38746-63419:Andy Isabella","38746-63419","WR","Andy","Andy Isabella","Isabella","0","2","4500","SEA@ARI","ARI","SEA","","","","",""
"","","","","","","","","","","38746-32703:Jakeem Grant","38746-32703","WR","Jakeem","Jakeem Grant","Grant","2.199999968210856","3","4500","LAC@MIA","MIA","LAC","","","","",""
"","","","","","","","","","","38746-61379:Kerrith Whyte Jr.","38746-61379","RB","Kerrith","Kerrith Whyte Jr.","Whyte Jr.","0","0","4500","MIN@CHI","CHI","MIN","","","","",""
"","","","","","","","","","","38746-104388:Tom Kennedy","38746-104388","WR","Tom","Tom Kennedy","Kennedy","0","0","4500","KC@DET","DET","KC","","","","",""
"","","","","","","","","","","38746-57299:Gerald Everett","38746-57299","TE","Gerald","Gerald Everett","Everett","2.433333396911621","3","4500","TB@LAR","LAR","TB","","","","",""
"","","","","","","","","","","38746-72676:Troymaine Pope","38746-72676","RB","Troymaine","Troymaine Pope","Pope","0","0","4500","LAC@MIA","LAC","MIA","","","","",""
"","","","","","","","","","","38746-104424:Craig Reynolds","38746-104424","RB","Craig","Craig Reynolds","Reynolds","0","0","4500","WAS@NYG","WAS","NYG","","","","",""
"","","","","","","","","","","38746-65518:John Ursua","38746-65518","WR","John","John Ursua","Ursua","0","0","4500","SEA@ARI","SEA","ARI","","","","",""
"","","","","","","","","","","38746-14319:Taiwan Jones","38746-14319","RB","Taiwan","Taiwan Jones","Jones","0","4","4500","CAR@HOU","HOU","CAR","Q","Elbow","","",""
"","","","","","","","","","","38746-64496:Olamide Zaccheaus","38746-64496","WR","Olamide","Olamide Zaccheaus","Zaccheaus","0","0","4500","TEN@ATL","ATL","TEN","","","","",""
"","","","","","","","","","","38746-14327:Anthony Sherman","38746-14327","RB","Anthony","Anthony Sherman","Sherman","2","1","4500","KC@DET","KC","DET","","","","",""
"","","","","","","","","","","38746-63479:John Kelly","38746-63479","RB","John","John Kelly","Kelly","3.7000001271565757","3","4500","TB@LAR","LAR","TB","","","","",""
"","","","","","","","","","","38746-12556:Houston Texans","38746-12556","D","Houston","Houston Texans","Texans","6.666666666666667","3","4400","CAR@HOU","HOU","CAR","","","","",""
"","","","","","","","","","","38746-64031:Hayden Hurst","38746-64031","TE","Hayden","Hayden Hurst","Hurst","4.866666793823242","3","4400","CLE@BAL","BAL","CLE","","","","",""
"","","","","","","","","","","38746-12538:Los Angeles Rams","38746-12538","D","Los Angeles","Los Angeles Rams","Rams","8.666666666666666","3","4300","TB@LAR","LAR","TB","","","","",""
"","","","","","","","","","","38746-14362:Charles Clay","38746-14362","TE","Charles","Charles Clay","Clay","1.1666666666666667","3","4200","SEA@ARI","ARI","SEA","","","","",""
"","","","","","","","","","","38746-24817:Nick O'Leary","38746-24817","TE","Nick","Nick O'Leary","O'Leary","1.75","2","4200","LAC@MIA","MIA","LAC","","","","",""
"","","","","","","","","","","38746-12535:Indianapolis Colts","38746-12535","D","Indianapolis","Indianapolis Colts","Colts","4.666666666666667","3","4200","OAK@IND","IND","OAK","","","","",""
"","","","","","","","","","","38746-12555:Baltimore Ravens","38746-12555","D","Baltimore","Baltimore Ravens","Ravens","5.666666666666667","3","4200","CLE@BAL","BAL","CLE","","","","",""
"","","","","","","","","","","38746-24533:Mo Alie-Cox","38746-24533","TE","Mo","Mo Alie-Cox","Alie-Cox","1.433333396911621","3","4200","OAK@IND","IND","OAK","","","","",""
"","","","","","","","","","","38746-12531:Denver Broncos","38746-12531","D","Denver","Denver Broncos","Broncos","0.3333333333333333","3","4100","JAC@DEN","DEN","JAC","","","","",""
"","","","","","","","","","","38746-12552:Washington Redskins","38746-12552","D","Washington","Washington Redskins","Redskins","2.3333333333333335","3","4100","WAS@NYG","WAS","NYG","","","","",""
"","","","","","","","","","","38746-14348:Lee Smith","38746-14348","TE","Lee","Lee Smith","Smith","0.6499999761581421","2","4000","NE@BUF","BUF","NE","","","","",""
"","","","","","","","","","","38746-23569:Rico Gathers","38746-23569","TE","Rico","Rico Gathers","Gathers","1","6","4000","CLE@BAL","CLE","BAL","","","","",""
"","","","","","","","","","","38746-28694:Jesse James","38746-28694","TE","Jesse","Jesse James","James","2.366666634877523","3","4000","KC@DET","DET","KC","","","","",""
"","","","","","","","","","","38746-27672:Matt LaCosse","38746-27672","TE","Matt","Matt LaCosse","LaCosse","4.300000190734863","1","4000","NE@BUF","NE","BUF","Q","Ankle","","",""
"","","","","","","","","","","38746-60451:Tyler Conklin","38746-60451","TE","Tyler","Tyler Conklin","Conklin","2.549999952316284","4","4000","MIN@CHI","MIN","CHI","","","","",""
"","","","","","","","","","","38746-62505:MyCole Pruitt","38746-62505","TE","MyCole","MyCole Pruitt","Pruitt","0","1","4000","TEN@ATL","TEN","ATL","","","","",""
"","","","","","","","","","","38746-64563:Hale Hentges","38746-64563","TE","Hale","Hale Hentges","Hentges","0","0","4000","OAK@IND","IND","OAK","","","","",""
"","","","","","","","","","","38746-14394:Virgil Green","38746-14394","TE","Virgil","Virgil Green","Green","1.149999976158142","2","4000","LAC@MIA","LAC","MIA","Q","Groin","","",""
"","","","","","","","","","","38746-42046:Durham Smythe","38746-42046","TE","Durham","Durham Smythe","Smythe","1.4500000476837158","2","4000","LAC@MIA","MIA","LAC","","","","",""
"","","","","","","","","","","38746-71767:Caleb Wilson","38746-71767","TE","Caleb","Caleb Wilson","Wilson","0","0","4000","SEA@ARI","ARI","SEA","","","","",""
"","","","","","","","","","","38746-79980:Eric Saubert","38746-79980","TE","Eric","Eric Saubert","Saubert","1.4600000381469727","5","4000","OAK@IND","OAK","IND","","","","",""
"","","","","","","","","","","38746-71806:Kaden Smith","38746-71806","TE","Kaden","Kaden Smith","Smith","0","0","4000","WAS@NYG","NYG","WAS","","","","",""
"","","","","","","","","","","38746-58499:Parker Hesse","38746-58499","TE","Parker","Parker Hesse","Hesse","0","0","4000","TEN@ATL","TEN","ATL","","","","",""
"","","","","","","","","","","38746-80011:Antony Auclair","38746-80011","TE","Antony","Antony Auclair","Auclair","0","1","4000","TB@LAR","TB","LAR","","","","",""
"","","","","","","","","","","38746-54426:Andrew Beck","38746-54426","TE","Andrew","Andrew Beck","Beck","0","1","4000","JAC@DEN","DEN","JAC","","","","",""
"","","","","","","","","","","38746-83117:Tanner Hudson","38746-83117","TE","Tanner","Tanner Hudson","Hudson","0","0","4000","TB@LAR","TB","LAR","","","","",""
"","","","","","","","","","","38746-32957:Eric Tomlinson","38746-32957","TE","Eric","Eric Tomlinson","Tomlinson","1.399999976158142","8","4000","WAS@NYG","NYG","WAS","","","","",""
"","","","","","","","","","","38746-57556:Jerome Cunningham","38746-57556","TE","Jerome","Jerome Cunningham","Cunningham","0","1","4000","KC@DET","DET","KC","","","","",""
"","","","","","","","","","","38746-12540:Minnesota Vikings","38746-12540","D","Minnesota","Minnesota Vikings","Vikings","9.666666666666666","3","4000","MIN@CHI","MIN","CHI","","","","",""
"","","","","","","","","","","38746-60712:Foster Moreau","38746-60712","TE","Foster","Foster Moreau","Moreau","1.7999999523162842","2","4000","OAK@IND","OAK","IND","","","","",""
"","","","","","","","","","","38746-22920:Derek Carrier","38746-22920","TE","Derek","Derek Carrier","Carrier","4.800000190734863","1","4000","OAK@IND","OAK","IND","","","","",""
"","","","","","","","","","","38746-63907:Josh Oliver","38746-63907","TE","Josh","Josh Oliver","Oliver","0","0","4000","JAC@DEN","JAC","DEN","Q","Hamstring","","",""
"","","","","","","","","","","38746-80294:Anthony Firkser","38746-80294","TE","Anthony","Anthony Firkser","Firkser","4.75","8","4000","TEN@ATL","TEN","ATL","","","","",""
"","","","","","","","","","","38746-40371:Johnny Mundt","38746-40371","TE","Johnny","Johnny Mundt","Mundt","1","1","4000","TB@LAR","LAR","TB","","","","",""
"","","","","","","","","","","38746-26038:Tyler Kroft","38746-26038","TE","Tyler","Tyler Kroft","Kroft","1.1199999809265138","5","4000","NE@BUF","BUF","NE","Q","Ankle","","",""
"","","","","","","","","","","38746-31169:Jeremy Sprinkle","38746-31169","TE","Jeremy","Jeremy Sprinkle","Sprinkle","1.933333396911621","3","4000","WAS@NYG","WAS","NYG","","","","",""
"","","","","","","","","","","38746-84440:Jaeden Graham","38746-84440","TE","Jaeden","Jaeden Graham","Graham","0","0","4000","TEN@ATL","ATL","TEN","","","","",""
"","","","","","","","","","","38746-27117:Sean Culkin","38746-27117","TE","Sean","Sean Culkin","Culkin","0","1","4000","LAC@MIA","LAC","MIA","","","","",""
"","","","","","","","","","","38746-22004:Dwayne Allen","38746-22004","TE","Dwayne","Dwayne Allen","Allen","1.3999999364217122","3","4000","LAC@MIA","MIA","LAC","","","","",""
"","","","","","","","","","","38746-41469:Darrell Daniels","38746-41469","TE","Darrell","Darrell Daniels","Daniels","0","2","4000","SEA@ARI","ARI","SEA","","","","",""
"","","","","","","","","","","38746-22065:Rhett Ellison","38746-22065","TE","Rhett","Rhett Ellison","Ellison","1.1333333651224773","3","4000","WAS@NYG","NYG","WAS","","","","",""
"","","","","","","","","","","38746-52795:Charles Jones","38746-52795","TE","Charles","Charles Jones","Jones","0","0","4000","JAC@DEN","JAC","DEN","","","","",""
"","","","","","","","","","","38746-55895:Kendall Blanton","38746-55895","TE","Kendall","Kendall Blanton","Blanton","0","0","4000","TB@LAR","LAR","TB","","","","",""
"","","","","","","","","","","38746-18009:Chris Manhertz","38746-18009","TE","Chris","Chris Manhertz","Manhertz","4.066666603088379","3","4000","CAR@HOU","CAR","HOU","","","","",""
"","","","","","","","","","","38746-29277:Stephen Anderson","38746-29277","TE","Stephen","Stephen Anderson","Anderson","0","0","4000","LAC@MIA","LAC","MIA","","","","",""
"","","","","","","","","","","38746-56925:Charles Scarff","38746-56925","TE","Charles","Charles Scarff","Scarff","0","0","4000","CLE@BAL","BAL","CLE","","","","",""
"","","","","","","","","","","38746-56947:Chris Myarick","38746-56947","TE","Chris","Chris Myarick","Myarick","0","0","4000","LAC@MIA","MIA","LAC","","","","",""
"","","","","","","","","","","38746-62119:C.J. Conrad","38746-62119","TE","C.J.","C.J. Conrad","Conrad","0","0","4000","WAS@NYG","NYG","WAS","","","","",""
"","","","","","","","","","","38746-47788:Deon Yelder","38746-47788","TE","Deon","Deon Yelder","Yelder","0","0","4000","KC@DET","KC","DET","","","","",""
"","","","","","","","","","","38746-28346:Maxx Williams","38746-28346","TE","Maxx","Maxx Williams","Williams","2.299999952316284","2","4000","SEA@ARI","ARI","SEA","","","","",""
"","","","","","","","","","","38746-7870:Ben Watson","38746-7870","TE","Ben","Ben Watson","Watson","5.346153846153846","13","4000","NE@BUF","NE","BUF","O","Suspension","","",""
"","","","","","","","","","","38746-70335:Seth DeValve","38746-70335","TE","Seth","Seth DeValve","DeValve","3.1799999237060548","5","4000","JAC@DEN","JAC","DEN","","","","",""
"","","","","","","","","","","38746-70342:Temarrick Hemingway","38746-70342","TE","Temarrick","Temarrick Hemingway","Hemingway","0","0","4000","CAR@HOU","CAR","HOU","","","","",""
"","","","","","","","","","","38746-69326:Isaac Nauta","38746-69326","TE","Isaac","Isaac Nauta","Nauta","0","0","4000","KC@DET","DET","KC","","","","",""
"","","","","","","","","","","38746-29411:Pharaoh Brown","38746-29411","TE","Pharaoh","Pharaoh Brown","Brown","0","1","4000","CLE@BAL","CLE","BAL","","","","",""
"","","","","","","","","","","38746-26355:Logan Thomas","38746-26355","TE","Logan","Logan Thomas","Thomas","1.600000023841858","2","4000","KC@DET","DET","KC","","","","",""
"","","","","","","","","","","38746-27403:Blake Bell","38746-27403","TE","Blake","Blake Bell","Bell","0.5999999841054281","3","4000","KC@DET","KC","DET","","","","",""
"","","","","","","","","","","38746-12055:Logan Paulsen","38746-12055","TE","Logan","Logan Paulsen","Paulsen","2.8000000544956754","7","4000","CAR@HOU","HOU","CAR","","","","",""
"","","","","","","","","","","38746-40746:Troy Fumagalli","38746-40746","TE","Troy","Troy Fumagalli","Fumagalli","1.2000000476837158","1","4000","JAC@DEN","DEN","JAC","","","","",""
"","","","","","","","","","","38746-72515:Ian Thomas","38746-72515","TE","Ian","Ian Thomas","Thomas","0","1","4000","CAR@HOU","CAR","HOU","","","","",""
"","","","","","","","","","","38746-70489:Ben Braunecker","38746-70489","TE","Ben","Ben Braunecker","Braunecker","3.4000000953674316","1","4000","MIN@CHI","CHI","MIN","","","","",""
"","","","","","","","","","","38746-38753:Jake Butt","38746-38753","TE","Jake","Jake Butt","Butt","4.166666666666667","3","4000","JAC@DEN","DEN","JAC","IR","Knee","","",""
"","","","","","","","","","","38746-55153:Garrett Dickerson","38746-55153","TE","Garrett","Garrett Dickerson","Dickerson","0","0","4000","WAS@NYG","NYG","WAS","","","","",""
"","","","","","","","","","","38746-39814:Jordan Leggett","38746-39814","TE","Jordan","Jordan Leggett","Leggett","1.8769230475792518","13","4000","TB@LAR","TB","LAR","","","","",""
"","","","","","","","","","","38746-56212:Tommy Sweeney","38746-56212","TE","Tommy","Tommy Sweeney","Sweeney","1.7666667302449544","3","4000","NE@BUF","BUF","NE","","","","",""
"","","","","","","","","","","38746-55209:Nate Becker","38746-55209","TE","Nate","Nate Becker","Becker","0","0","4000","NE@BUF","BUF","NE","","","","",""
"","","","","","","","","","","38746-30654:Jerell Adams","38746-30654","TE","Jerell","Jerell Adams","Adams","0","0","4000","CAR@HOU","HOU","CAR","","","","",""
"","","","","","","","","","","38746-54239:Matt Sokol","38746-54239","TE","Matt","Matt Sokol","Sokol","0","0","4000","LAC@MIA","LAC","MIA","","","","",""
"","","","","","","","","","","38746-14304:Luke Stocker","38746-14304","TE","Luke","Luke Stocker","Stocker","1.1999999682108562","3","4000","TEN@ATL","ATL","TEN","","","","",""
"","","","","","","","","","","38746-104421:Jesper Horsted","38746-104421","TE","Jesper","Jesper Horsted","Horsted","0","0","4000","MIN@CHI","CHI","MIN","","","","",""
"","","","","","","","","","","38746-48116:Jonnu Smith","38746-48116","TE","Jonnu","Jonnu Smith","Smith","2.5999999046325684","2","4000","TEN@ATL","TEN","ATL","","","","",""
"","","","","","","","","","","38746-12525:Atlanta Falcons","38746-12525","D","Atlanta","Atlanta Falcons","Falcons","3.6666666666666665","3","3900","TEN@ATL","ATL","TEN","","","","",""
"","","","","","","","","","","38746-12543:New York Giants","38746-12543","D","New York","New York Giants","Giants","1.6666666666666667","3","3800","WAS@NYG","NYG","WAS","","","","",""
"","","","","","","","","","","38746-12550:Seattle Seahawks","38746-12550","D","Seattle","Seattle Seahawks","Seahawks","5.666666666666667","3","3700","SEA@ARI","SEA","ARI","","","","",""
"","","","","","","","","","","38746-12529:Cleveland Browns","38746-12529","D","Cleveland","Cleveland Browns","Browns","7.333333333333333","3","3500","CLE@BAL","CLE","BAL","","","","",""
"","","","","","","","","","","38746-12534:Tennessee Titans","38746-12534","D","Tennessee","Tennessee Titans","Titans","10.666666666666666","3","3500","TEN@ATL","TEN","ATL","","","","",""
"","","","","","","","","","","38746-12536:Kansas City Chiefs","38746-12536","D","Kansas City","Kansas City Chiefs","Chiefs","6","3","3500","KC@DET","KC","DET","","","","",""
"","","","","","","","","","","38746-12553:Carolina Panthers","38746-12553","D","Carolina","Carolina Panthers","Panthers","7.666666666666667","3","3500","CAR@HOU","CAR","HOU","","","","",""
"","","","","","","","","","","38746-12526:Buffalo Bills","38746-12526","D","Buffalo","Buffalo Bills","Bills","9","3","3400","NE@BUF","BUF","NE","","","","",""
"","","","","","","","","","","38746-12537:Oakland Raiders","38746-12537","D","Oakland","Oakland Raiders","Raiders","2","3","3400","OAK@IND","OAK","IND","","","","",""
"","","","","","","","","","","38746-12546:Arizona Cardinals","38746-12546","D","Arizona","Arizona Cardinals","Cardinals","3","3","3200","SEA@ARI","ARI","SEA","","","","",""
"","","","","","","","","","","38746-12551:Tampa Bay Buccaneers","38746-12551","D","Tampa Bay","Tampa Bay Buccaneers","Buccaneers","9.666666666666666","3","3200","TB@LAR","TB","LAR","","","","",""
"","","","","","","","","","","38746-12532:Detroit Lions","38746-12532","D","Detroit","Detroit Lions","Lions","9.666666666666666","3","3100","KC@DET","DET","KC","","","","",""
"","","","","","","","","","","38746-12539:Miami Dolphins","38746-12539","D","Miami","Miami Dolphins","Dolphins","0.6666666666666666","3","2500","LAC@MIA","MIA","LAC","","","","",""